"","X.50","X.49","X.48","X.47","X.46","X.45","X.44","X.43","X.42","X.41","X.40","X.39","X.38","X.37","X.36","X.35","X.34","X.33","X.32","X.31","X.30","X.29","X.28","X.27","X.26","X.25","X.24","X.23","X.22","X.21","X.20","X.19","X.18","X.17","X.16","X.15","X.14","X.13","X.12","X.11","X.10","X.9","X.8","X.7","X.6","X.5","X.4","X.3","X.2","X.1","X","srvy","common_name","file_name","filter_lat_gt","filter_lat_lt","filter_depth","model_fn","model_family","model_anisotropy","model_spatiotemporal","effort","term","estimate","std.error","conf.low","conf.high"
"1","1","1","1","1","1","1","1","1","1","1","1","1","1","1","1","1","1","1","1","1","1","1","1","1","1","1","1","1","1","1","1","1","1","1","1","1","1","1","1","1","1","1","1","1","1","1","1","1","1","1","1","CA","petrale sole","petrale_sole",NA,NA,"675","total_catch_wt_kg ~ 0 + factor(year) + pass","delta_lognormal","TRUE","iid, iid","01_1","range","1.49976787244925","0.542474130678867","0.738141895352829","3.04725105754333"
"2","2","2","2","2","2","2","2","2","2","2","2","2","2","2","2","2","2","2","2","2","2","2","2","2","2","2","2","2","2","2","2","2","2","2","2","2","2","2","2","2","2","2","2","2","2","2","2","2","2","2","2","CA","petrale sole","petrale_sole",NA,NA,"675","total_catch_wt_kg ~ 0 + factor(year) + pass","delta_lognormal","TRUE","iid, iid","01_1","sigma_O","6.59969482765626","1.76100230706553","3.9119834289456","11.13398678939"
"3","3","3","3","3","3","3","3","3","3","3","3","3","3","3","3","3","3","3","3","3","3","3","3","3","3","3","3","3","3","3","3","3","3","3","3","3","3","3","3","3","3","3","3","3","3","3","3","3","3","3","3","CA","petrale sole","petrale_sole",NA,NA,"675","total_catch_wt_kg ~ 0 + factor(year) + pass","delta_lognormal","TRUE","iid, iid","01_1","sigma_E","0.000709851910497547","0.161910829681553","5.00909747395606e-198","1.00594915043455e+191"
"4","4","4","4","4","4","4","4","4","4","4","4","4","4","4","4","4","4","4","4","4","4","4","4","4","4","4","4","4","4","4","4","4","4","4","4","4","4","4","4","4","4","4","4","4","4","4","4","4","4","4",NA,"CA","petrale sole","petrale_sole",NA,NA,"675","total_catch_wt_kg ~ 0 + factor(year) + pass","delta_lognormal","TRUE","iid, iid","01_10","range","1.19792485666974","0.386121080619488","0.636892410672316","2.25316542979744"
"5","5","5","5","5","5","5","5","5","5","5","5","5","5","5","5","5","5","5","5","5","5","5","5","5","5","5","5","5","5","5","5","5","5","5","5","5","5","5","5","5","5","5","5","5","5","5","5","5","5","5",NA,"CA","petrale sole","petrale_sole",NA,NA,"675","total_catch_wt_kg ~ 0 + factor(year) + pass","delta_lognormal","TRUE","iid, iid","01_10","sigma_O","5.49240482547652","1.21570207279326","3.55922584628087","8.47558207030879"
"6","6","6","6","6","6","6","6","6","6","6","6","6","6","6","6","6","6","6","6","6","6","6","6","6","6","6","6","6","6","6","6","6","6","6","6","6","6","6","6","6","6","6","6","6","6","6","6","6","6","6",NA,"CA","petrale sole","petrale_sole",NA,NA,"675","total_catch_wt_kg ~ 0 + factor(year) + pass","delta_lognormal","TRUE","iid, iid","01_10","sigma_E","0.000388737608787557","NaN","NaN","NaN"
"7","7","7","7","7","7","7","7","7","7","7","7","7","7","7","7","7","7","7","7","7","7","7","7","7","7","7","7","7","7","7","7","7","7","7","7","7","7","7","7","7","7","7","7","7","7","7","7","7","7",NA,NA,"CA","petrale sole","petrale_sole",NA,NA,"675","total_catch_wt_kg ~ 0 + factor(year) + pass","delta_lognormal","TRUE","iid, iid","01_2","range","1.82468159615087","0.714192715886063","0.847268482889094","3.92964331209227"
"8","8","8","8","8","8","8","8","8","8","8","8","8","8","8","8","8","8","8","8","8","8","8","8","8","8","8","8","8","8","8","8","8","8","8","8","8","8","8","8","8","8","8","8","8","8","8","8","8","8",NA,NA,"CA","petrale sole","petrale_sole",NA,NA,"675","total_catch_wt_kg ~ 0 + factor(year) + pass","delta_lognormal","TRUE","iid, iid","01_2","sigma_O","6.3376315450735","1.92824696435634","3.49096814807183","11.505568626656"
"9","9","9","9","9","9","9","9","9","9","9","9","9","9","9","9","9","9","9","9","9","9","9","9","9","9","9","9","9","9","9","9","9","9","9","9","9","9","9","9","9","9","9","9","9","9","9","9","9","9",NA,NA,"CA","petrale sole","petrale_sole",NA,NA,"675","total_catch_wt_kg ~ 0 + factor(year) + pass","delta_lognormal","TRUE","iid, iid","01_2","sigma_E","0.00018809650224586","0.157576867567106","0","Inf"
"10","10","10","10","10","10","10","10","10","10","10","10","10","10","10","10","10","10","10","10","10","10","10","10","10","10","10","10","10","10","10","10","10","10","10","10","10","10","10","10","10","10","10","10","10","10","10","10","10",NA,NA,NA,"CA","petrale sole","petrale_sole",NA,NA,"675","total_catch_wt_kg ~ 0 + factor(year) + pass","delta_lognormal","TRUE","iid, iid","01_3","range","1.57837098413667","0.557406871617778","0.789958872980354","3.15365147322869"
"11","11","11","11","11","11","11","11","11","11","11","11","11","11","11","11","11","11","11","11","11","11","11","11","11","11","11","11","11","11","11","11","11","11","11","11","11","11","11","11","11","11","11","11","11","11","11","11","11",NA,NA,NA,"CA","petrale sole","petrale_sole",NA,NA,"675","total_catch_wt_kg ~ 0 + factor(year) + pass","delta_lognormal","TRUE","iid, iid","01_3","sigma_O","6.35661490948591","1.67467466528946","3.79291909673464","10.6531544905044"
"12","12","12","12","12","12","12","12","12","12","12","12","12","12","12","12","12","12","12","12","12","12","12","12","12","12","12","12","12","12","12","12","12","12","12","12","12","12","12","12","12","12","12","12","12","12","12","12","12",NA,NA,NA,"CA","petrale sole","petrale_sole",NA,NA,"675","total_catch_wt_kg ~ 0 + factor(year) + pass","delta_lognormal","TRUE","iid, iid","01_3","sigma_E","0.000276942531254607","0.179732066767217","0","Inf"
"13","13","13","13","13","13","13","13","13","13","13","13","13","13","13","13","13","13","13","13","13","13","13","13","13","13","13","13","13","13","13","13","13","13","13","13","13","13","13","13","13","13","13","13","13","13","13","13",NA,NA,NA,NA,"CA","petrale sole","petrale_sole",NA,NA,"675","total_catch_wt_kg ~ 0 + factor(year) + pass","delta_lognormal","TRUE","iid, iid","01_4","range","1.61242668582612","0.600698017653357","0.776910402314568","3.3464860419149"
"14","14","14","14","14","14","14","14","14","14","14","14","14","14","14","14","14","14","14","14","14","14","14","14","14","14","14","14","14","14","14","14","14","14","14","14","14","14","14","14","14","14","14","14","14","14","14","14",NA,NA,NA,NA,"CA","petrale sole","petrale_sole",NA,NA,"675","total_catch_wt_kg ~ 0 + factor(year) + pass","delta_lognormal","TRUE","iid, iid","01_4","sigma_O","6.82842411148958","1.86699726173756","3.99566213546918","11.669499138194"
"15","15","15","15","15","15","15","15","15","15","15","15","15","15","15","15","15","15","15","15","15","15","15","15","15","15","15","15","15","15","15","15","15","15","15","15","15","15","15","15","15","15","15","15","15","15","15","15",NA,NA,NA,NA,"CA","petrale sole","petrale_sole",NA,NA,"675","total_catch_wt_kg ~ 0 + factor(year) + pass","delta_lognormal","TRUE","iid, iid","01_4","sigma_E","0.00216333052381698","0.185409072047829","2.41306062671472e-76","1.93944524371518e+70"
"16","16","16","16","16","16","16","16","16","16","16","16","16","16","16","16","16","16","16","16","16","16","16","16","16","16","16","16","16","16","16","16","16","16","16","16","16","16","16","16","16","16","16","16","16","16","16",NA,NA,NA,NA,NA,"CA","petrale sole","petrale_sole",NA,NA,"675","total_catch_wt_kg ~ 0 + factor(year) + pass","delta_lognormal","TRUE","iid, iid","01_5","range","3.70098176065175","2.15680846822417","1.18104143935257","11.5976167611745"
"17","17","17","17","17","17","17","17","17","17","17","17","17","17","17","17","17","17","17","17","17","17","17","17","17","17","17","17","17","17","17","17","17","17","17","17","17","17","17","17","17","17","17","17","17","17","17",NA,NA,NA,NA,NA,"CA","petrale sole","petrale_sole",NA,NA,"675","total_catch_wt_kg ~ 0 + factor(year) + pass","delta_lognormal","TRUE","iid, iid","01_5","sigma_O","11.0309835848752","5.26475371408637","4.32874071159795","28.1103921340823"
"18","18","18","18","18","18","18","18","18","18","18","18","18","18","18","18","18","18","18","18","18","18","18","18","18","18","18","18","18","18","18","18","18","18","18","18","18","18","18","18","18","18","18","18","18","18","18",NA,NA,NA,NA,NA,"CA","petrale sole","petrale_sole",NA,NA,"675","total_catch_wt_kg ~ 0 + factor(year) + pass","delta_lognormal","TRUE","iid, iid","01_5","sigma_E","5.13040754622631e-22","3.26067762618512e-19","0","Inf"
"19","19","19","19","19","19","19","19","19","19","19","19","19","19","19","19","19","19","19","19","19","19","19","19","19","19","19","19","19","19","19","19","19","19","19","19","19","19","19","19","19","19","19","19","19","19",NA,NA,NA,NA,NA,NA,"CA","petrale sole","petrale_sole",NA,NA,"675","total_catch_wt_kg ~ 0 + factor(year) + pass","delta_lognormal","TRUE","iid, iid","01_6","range","4.48659257798264","2.14297440446629","1.75933703997009","11.4415330908688"
"20","20","20","20","20","20","20","20","20","20","20","20","20","20","20","20","20","20","20","20","20","20","20","20","20","20","20","20","20","20","20","20","20","20","20","20","20","20","20","20","20","20","20","20","20","20",NA,NA,NA,NA,NA,NA,"CA","petrale sole","petrale_sole",NA,NA,"675","total_catch_wt_kg ~ 0 + factor(year) + pass","delta_lognormal","TRUE","iid, iid","01_6","sigma_O","13.155996881202","5.45934611339045","5.83311478185434","29.6720123657802"
"21","21","21","21","21","21","21","21","21","21","21","21","21","21","21","21","21","21","21","21","21","21","21","21","21","21","21","21","21","21","21","21","21","21","21","21","21","21","21","21","21","21","21","21","21","21",NA,NA,NA,NA,NA,NA,"CA","petrale sole","petrale_sole",NA,NA,"675","total_catch_wt_kg ~ 0 + factor(year) + pass","delta_lognormal","TRUE","iid, iid","01_6","sigma_E","1.44472571206964e-22","3.65277295840873e-19","0","Inf"
"22","22","22","22","22","22","22","22","22","22","22","22","22","22","22","22","22","22","22","22","22","22","22","22","22","22","22","22","22","22","22","22","22","22","22","22","22","22","22","22","22","22","22","22","22",NA,NA,NA,NA,NA,NA,NA,"CA","petrale sole","petrale_sole",NA,NA,"675","total_catch_wt_kg ~ 0 + factor(year) + pass","delta_lognormal","TRUE","iid, iid","01_7","range","1.11933744953497","0.363426272789944","0.592370028705195","2.11509067849041"
"23","23","23","23","23","23","23","23","23","23","23","23","23","23","23","23","23","23","23","23","23","23","23","23","23","23","23","23","23","23","23","23","23","23","23","23","23","23","23","23","23","23","23","23","23",NA,NA,NA,NA,NA,NA,NA,"CA","petrale sole","petrale_sole",NA,NA,"675","total_catch_wt_kg ~ 0 + factor(year) + pass","delta_lognormal","TRUE","iid, iid","01_7","sigma_O","5.46695729268344","1.09822706690017","3.68767357833399","8.10473633447981"
"24","24","24","24","24","24","24","24","24","24","24","24","24","24","24","24","24","24","24","24","24","24","24","24","24","24","24","24","24","24","24","24","24","24","24","24","24","24","24","24","24","24","24","24","24",NA,NA,NA,NA,NA,NA,NA,"CA","petrale sole","petrale_sole",NA,NA,"675","total_catch_wt_kg ~ 0 + factor(year) + pass","delta_lognormal","TRUE","iid, iid","01_7","sigma_E","0.000141026372387668","0.206673202089187","0","Inf"
"25","25","25","25","25","25","25","25","25","25","25","25","25","25","25","25","25","25","25","25","25","25","25","25","25","25","25","25","25","25","25","25","25","25","25","25","25","25","25","25","25","25","25","25",NA,NA,NA,NA,NA,NA,NA,NA,"CA","petrale sole","petrale_sole",NA,NA,"675","total_catch_wt_kg ~ 0 + factor(year) + pass","delta_lognormal","TRUE","iid, iid","01_8","range","0.968844040337989","0.289119356230631","0.539810111869006","1.73886845366509"
"26","26","26","26","26","26","26","26","26","26","26","26","26","26","26","26","26","26","26","26","26","26","26","26","26","26","26","26","26","26","26","26","26","26","26","26","26","26","26","26","26","26","26","26",NA,NA,NA,NA,NA,NA,NA,NA,"CA","petrale sole","petrale_sole",NA,NA,"675","total_catch_wt_kg ~ 0 + factor(year) + pass","delta_lognormal","TRUE","iid, iid","01_8","sigma_O","5.97429109581679","1.10503384506169","4.15761255733026","8.5847715739234"
"27","27","27","27","27","27","27","27","27","27","27","27","27","27","27","27","27","27","27","27","27","27","27","27","27","27","27","27","27","27","27","27","27","27","27","27","27","27","27","27","27","27","27","27",NA,NA,NA,NA,NA,NA,NA,NA,"CA","petrale sole","petrale_sole",NA,NA,"675","total_catch_wt_kg ~ 0 + factor(year) + pass","delta_lognormal","TRUE","iid, iid","01_8","sigma_E","0.0012278285116046","0.259492586688548","1.56282211941416e-183","9.6464135948771e+176"
"28","28","28","28","28","28","28","28","28","28","28","28","28","28","28","28","28","28","28","28","28","28","28","28","28","28","28","28","28","28","28","28","28","28","28","28","28","28","28","28","28","28","28",NA,NA,NA,NA,NA,NA,NA,NA,NA,"CA","petrale sole","petrale_sole",NA,NA,"675","total_catch_wt_kg ~ 0 + factor(year) + pass","delta_lognormal","TRUE","iid, iid","01_9","range","1.89782971272712","0.747344388844541","0.877129002442799","4.1063031874206"
"29","29","29","29","29","29","29","29","29","29","29","29","29","29","29","29","29","29","29","29","29","29","29","29","29","29","29","29","29","29","29","29","29","29","29","29","29","29","29","29","29","29","29",NA,NA,NA,NA,NA,NA,NA,NA,NA,"CA","petrale sole","petrale_sole",NA,NA,"675","total_catch_wt_kg ~ 0 + factor(year) + pass","delta_lognormal","TRUE","iid, iid","01_9","sigma_O","7.86113982012855","2.29972951466028","4.43069231528098","13.9475989019769"
"30","30","30","30","30","30","30","30","30","30","30","30","30","30","30","30","30","30","30","30","30","30","30","30","30","30","30","30","30","30","30","30","30","30","30","30","30","30","30","30","30","30","30",NA,NA,NA,NA,NA,NA,NA,NA,NA,"CA","petrale sole","petrale_sole",NA,NA,"675","total_catch_wt_kg ~ 0 + factor(year) + pass","delta_lognormal","TRUE","iid, iid","01_9","sigma_E","1.29748420919118e-05","0.020433561829781","0","Inf"
"31","31","31","31","31","31","31","31","31","31","31","31","31","31","31","31","31","31","31","31","31","31","31","31","31","31","31","31","31","31","31","31","31","31","31","31","31","31","31","31","31","31",NA,NA,NA,NA,NA,NA,NA,NA,NA,NA,"CA","petrale sole","petrale_sole",NA,NA,"675","total_catch_wt_kg ~ 0 + factor(year) + pass","delta_lognormal","TRUE","iid, iid","02_1","range","1.6228518848947","0.605342689095466","0.781215365151952","3.371219202523"
"32","32","32","32","32","32","32","32","32","32","32","32","32","32","32","32","32","32","32","32","32","32","32","32","32","32","32","32","32","32","32","32","32","32","32","32","32","32","32","32","32","32",NA,NA,NA,NA,NA,NA,NA,NA,NA,NA,"CA","petrale sole","petrale_sole",NA,NA,"675","total_catch_wt_kg ~ 0 + factor(year) + pass","delta_lognormal","TRUE","iid, iid","02_1","sigma_O","7.38641197449505","2.0177386019415","4.32425874059192","12.6169790315312"
"33","33","33","33","33","33","33","33","33","33","33","33","33","33","33","33","33","33","33","33","33","33","33","33","33","33","33","33","33","33","33","33","33","33","33","33","33","33","33","33","33","33",NA,NA,NA,NA,NA,NA,NA,NA,NA,NA,"CA","petrale sole","petrale_sole",NA,NA,"675","total_catch_wt_kg ~ 0 + factor(year) + pass","delta_lognormal","TRUE","iid, iid","02_1","sigma_E","2.15366045384741e-06","0.00357965620158733","0","Inf"
"34","34","34","34","34","34","34","34","34","34","34","34","34","34","34","34","34","34","34","34","34","34","34","34","34","34","34","34","34","34","34","34","34","34","34","34","34","34","34","34","34",NA,NA,NA,NA,NA,NA,NA,NA,NA,NA,NA,"CA","petrale sole","petrale_sole",NA,NA,"675","total_catch_wt_kg ~ 0 + factor(year) + pass","delta_lognormal","TRUE","iid, iid","02_10","range","1.72250924667389","0.540940649063528","0.930782756709525","3.18768056615707"
"35","35","35","35","35","35","35","35","35","35","35","35","35","35","35","35","35","35","35","35","35","35","35","35","35","35","35","35","35","35","35","35","35","35","35","35","35","35","35","35","35",NA,NA,NA,NA,NA,NA,NA,NA,NA,NA,NA,"CA","petrale sole","petrale_sole",NA,NA,"675","total_catch_wt_kg ~ 0 + factor(year) + pass","delta_lognormal","TRUE","iid, iid","02_10","sigma_O","6.97003771646902","1.68800540195786","4.33601658577153","11.2041605026186"
"36","36","36","36","36","36","36","36","36","36","36","36","36","36","36","36","36","36","36","36","36","36","36","36","36","36","36","36","36","36","36","36","36","36","36","36","36","36","36","36","36",NA,NA,NA,NA,NA,NA,NA,NA,NA,NA,NA,"CA","petrale sole","petrale_sole",NA,NA,"675","total_catch_wt_kg ~ 0 + factor(year) + pass","delta_lognormal","TRUE","iid, iid","02_10","sigma_E","0.223678533603023","0.301015223267951","0.0160000172793582","3.12700202263816"
"37","37","37","37","37","37","37","37","37","37","37","37","37","37","37","37","37","37","37","37","37","37","37","37","37","37","37","37","37","37","37","37","37","37","37","37","37","37","37","37",NA,NA,NA,NA,NA,NA,NA,NA,NA,NA,NA,NA,"CA","petrale sole","petrale_sole",NA,NA,"675","total_catch_wt_kg ~ 0 + factor(year) + pass","delta_lognormal","TRUE","iid, iid","02_2","range","3.05390311221293","1.45867236275061","1.19752793955947","7.78798048103551"
"38","38","38","38","38","38","38","38","38","38","38","38","38","38","38","38","38","38","38","38","38","38","38","38","38","38","38","38","38","38","38","38","38","38","38","38","38","38","38","38",NA,NA,NA,NA,NA,NA,NA,NA,NA,NA,NA,NA,"CA","petrale sole","petrale_sole",NA,NA,"675","total_catch_wt_kg ~ 0 + factor(year) + pass","delta_lognormal","TRUE","iid, iid","02_2","sigma_O","11.7100751590721","4.80748831921022","5.23726952972402","26.1827006330038"
"39","39","39","39","39","39","39","39","39","39","39","39","39","39","39","39","39","39","39","39","39","39","39","39","39","39","39","39","39","39","39","39","39","39","39","39","39","39","39","39",NA,NA,NA,NA,NA,NA,NA,NA,NA,NA,NA,NA,"CA","petrale sole","petrale_sole",NA,NA,"675","total_catch_wt_kg ~ 0 + factor(year) + pass","delta_lognormal","TRUE","iid, iid","02_2","sigma_E","2.80675839885192e-14","NaN","NaN","NaN"
"40","40","40","40","40","40","40","40","40","40","40","40","40","40","40","40","40","40","40","40","40","40","40","40","40","40","40","40","40","40","40","40","40","40","40","40","40","40","40",NA,NA,NA,NA,NA,NA,NA,NA,NA,NA,NA,NA,NA,"CA","petrale sole","petrale_sole",NA,NA,"675","total_catch_wt_kg ~ 0 + factor(year) + pass","delta_lognormal","TRUE","iid, iid","02_3","range","1.82743704737896","0.583149870818144","0.977725993426647","3.41560537879232"
"41","41","41","41","41","41","41","41","41","41","41","41","41","41","41","41","41","41","41","41","41","41","41","41","41","41","41","41","41","41","41","41","41","41","41","41","41","41","41",NA,NA,NA,NA,NA,NA,NA,NA,NA,NA,NA,NA,NA,"CA","petrale sole","petrale_sole",NA,NA,"675","total_catch_wt_kg ~ 0 + factor(year) + pass","delta_lognormal","TRUE","iid, iid","02_3","sigma_O","8.39488314817279","2.17652003499232","5.05040019296483","13.9541542014127"
"42","42","42","42","42","42","42","42","42","42","42","42","42","42","42","42","42","42","42","42","42","42","42","42","42","42","42","42","42","42","42","42","42","42","42","42","42","42","42",NA,NA,NA,NA,NA,NA,NA,NA,NA,NA,NA,NA,NA,"CA","petrale sole","petrale_sole",NA,NA,"675","total_catch_wt_kg ~ 0 + factor(year) + pass","delta_lognormal","TRUE","iid, iid","02_3","sigma_E","8.47266423121313e-06","NaN","NaN","NaN"
"43","43","43","43","43","43","43","43","43","43","43","43","43","43","43","43","43","43","43","43","43","43","43","43","43","43","43","43","43","43","43","43","43","43","43","43","43","43",NA,NA,NA,NA,NA,NA,NA,NA,NA,NA,NA,NA,NA,NA,"CA","petrale sole","petrale_sole",NA,NA,"675","total_catch_wt_kg ~ 0 + factor(year) + pass","delta_lognormal","TRUE","iid, iid","02_4","range","1.47905878365172","0.470225633611927","0.793175993457609","2.75804475115423"
"44","44","44","44","44","44","44","44","44","44","44","44","44","44","44","44","44","44","44","44","44","44","44","44","44","44","44","44","44","44","44","44","44","44","44","44","44","44",NA,NA,NA,NA,NA,NA,NA,NA,NA,NA,NA,NA,NA,NA,"CA","petrale sole","petrale_sole",NA,NA,"675","total_catch_wt_kg ~ 0 + factor(year) + pass","delta_lognormal","TRUE","iid, iid","02_4","sigma_O","6.98124093161795","1.70289914689087","4.32815988660233","11.2606110269086"
"45","45","45","45","45","45","45","45","45","45","45","45","45","45","45","45","45","45","45","45","45","45","45","45","45","45","45","45","45","45","45","45","45","45","45","45","45","45",NA,NA,NA,NA,NA,NA,NA,NA,NA,NA,NA,NA,NA,NA,"CA","petrale sole","petrale_sole",NA,NA,"675","total_catch_wt_kg ~ 0 + factor(year) + pass","delta_lognormal","TRUE","iid, iid","02_4","sigma_E","0.000213625632765229","0.217229343547822","0","Inf"
"46","46","46","46","46","46","46","46","46","46","46","46","46","46","46","46","46","46","46","46","46","46","46","46","46","46","46","46","46","46","46","46","46","46","46","46","46",NA,NA,NA,NA,NA,NA,NA,NA,NA,NA,NA,NA,NA,NA,NA,"CA","petrale sole","petrale_sole",NA,NA,"675","total_catch_wt_kg ~ 0 + factor(year) + pass","delta_lognormal","TRUE","iid, iid","02_5","range","1.70487292474063","0.634050233392262","0.822481558870573","3.53392931205045"
"47","47","47","47","47","47","47","47","47","47","47","47","47","47","47","47","47","47","47","47","47","47","47","47","47","47","47","47","47","47","47","47","47","47","47","47","47",NA,NA,NA,NA,NA,NA,NA,NA,NA,NA,NA,NA,NA,NA,NA,"CA","petrale sole","petrale_sole",NA,NA,"675","total_catch_wt_kg ~ 0 + factor(year) + pass","delta_lognormal","TRUE","iid, iid","02_5","sigma_O","7.1786342477619","2.05464551601357","4.09650669719436","12.5796913009892"
"48","48","48","48","48","48","48","48","48","48","48","48","48","48","48","48","48","48","48","48","48","48","48","48","48","48","48","48","48","48","48","48","48","48","48","48","48",NA,NA,NA,NA,NA,NA,NA,NA,NA,NA,NA,NA,NA,NA,NA,"CA","petrale sole","petrale_sole",NA,NA,"675","total_catch_wt_kg ~ 0 + factor(year) + pass","delta_lognormal","TRUE","iid, iid","02_5","sigma_E","1.13076310260146e-05","NaN","NaN","NaN"
"49","49","49","49","49","49","49","49","49","49","49","49","49","49","49","49","49","49","49","49","49","49","49","49","49","49","49","49","49","49","49","49","49","49","49","49",NA,NA,NA,NA,NA,NA,NA,NA,NA,NA,NA,NA,NA,NA,NA,NA,"CA","petrale sole","petrale_sole",NA,NA,"675","total_catch_wt_kg ~ 0 + factor(year) + pass","delta_lognormal","TRUE","iid, iid","02_6","range","5.1116027083027","2.11705390125523","2.26995916442354","11.5105516685199"
"50","50","50","50","50","50","50","50","50","50","50","50","50","50","50","50","50","50","50","50","50","50","50","50","50","50","50","50","50","50","50","50","50","50","50","50",NA,NA,NA,NA,NA,NA,NA,NA,NA,NA,NA,NA,NA,NA,NA,NA,"CA","petrale sole","petrale_sole",NA,NA,"675","total_catch_wt_kg ~ 0 + factor(year) + pass","delta_lognormal","TRUE","iid, iid","02_6","sigma_O","17.0037318382719","6.38964353860197","8.14105470371803","35.5146730921508"
"51","51","51","51","51","51","51","51","51","51","51","51","51","51","51","51","51","51","51","51","51","51","51","51","51","51","51","51","51","51","51","51","51","51","51","51",NA,NA,NA,NA,NA,NA,NA,NA,NA,NA,NA,NA,NA,NA,NA,NA,"CA","petrale sole","petrale_sole",NA,NA,"675","total_catch_wt_kg ~ 0 + factor(year) + pass","delta_lognormal","TRUE","iid, iid","02_6","sigma_E","2.33531289062527e-43","NaN","NaN","NaN"
"52","52","52","52","52","52","52","52","52","52","52","52","52","52","52","52","52","52","52","52","52","52","52","52","52","52","52","52","52","52","52","52","52","52","52",NA,NA,NA,NA,NA,NA,NA,NA,NA,NA,NA,NA,NA,NA,NA,NA,NA,"CA","petrale sole","petrale_sole",NA,NA,"675","total_catch_wt_kg ~ 0 + factor(year) + pass","delta_lognormal","TRUE","iid, iid","02_7","range","1.6591929410004","0.581200999104155","0.83508045828646","3.29659398462561"
"53","53","53","53","53","53","53","53","53","53","53","53","53","53","53","53","53","53","53","53","53","53","53","53","53","53","53","53","53","53","53","53","53","53","53",NA,NA,NA,NA,NA,NA,NA,NA,NA,NA,NA,NA,NA,NA,NA,NA,NA,"CA","petrale sole","petrale_sole",NA,NA,"675","total_catch_wt_kg ~ 0 + factor(year) + pass","delta_lognormal","TRUE","iid, iid","02_7","sigma_O","7.59206602223354","2.00401564765772","4.5255905443388","12.7363414611284"
"54","54","54","54","54","54","54","54","54","54","54","54","54","54","54","54","54","54","54","54","54","54","54","54","54","54","54","54","54","54","54","54","54","54","54",NA,NA,NA,NA,NA,NA,NA,NA,NA,NA,NA,NA,NA,NA,NA,NA,NA,"CA","petrale sole","petrale_sole",NA,NA,"675","total_catch_wt_kg ~ 0 + factor(year) + pass","delta_lognormal","TRUE","iid, iid","02_7","sigma_E","0.000132258540267909","0.100164818328396","0","Inf"
"55","55","55","55","55","55","55","55","55","55","55","55","55","55","55","55","55","55","55","55","55","55","55","55","55","55","55","55","55","55","55","55","55","55",NA,NA,NA,NA,NA,NA,NA,NA,NA,NA,NA,NA,NA,NA,NA,NA,NA,NA,"CA","petrale sole","petrale_sole",NA,NA,"675","total_catch_wt_kg ~ 0 + factor(year) + pass","delta_lognormal","TRUE","iid, iid","02_8","range","2.00610701196879","0.831758293342673","0.890091729626037","4.52140516479259"
"56","56","56","56","56","56","56","56","56","56","56","56","56","56","56","56","56","56","56","56","56","56","56","56","56","56","56","56","56","56","56","56","56","56",NA,NA,NA,NA,NA,NA,NA,NA,NA,NA,NA,NA,NA,NA,NA,NA,NA,NA,"CA","petrale sole","petrale_sole",NA,NA,"675","total_catch_wt_kg ~ 0 + factor(year) + pass","delta_lognormal","TRUE","iid, iid","02_8","sigma_O","9.06680609700475","2.97835580330722","4.76258862436674","17.2609854187466"
"57","57","57","57","57","57","57","57","57","57","57","57","57","57","57","57","57","57","57","57","57","57","57","57","57","57","57","57","57","57","57","57","57","57",NA,NA,NA,NA,NA,NA,NA,NA,NA,NA,NA,NA,NA,NA,NA,NA,NA,NA,"CA","petrale sole","petrale_sole",NA,NA,"675","total_catch_wt_kg ~ 0 + factor(year) + pass","delta_lognormal","TRUE","iid, iid","02_8","sigma_E","1.13857973735898e-07","NaN","NaN","NaN"
"58","58","58","58","58","58","58","58","58","58","58","58","58","58","58","58","58","58","58","58","58","58","58","58","58","58","58","58","58","58","58","58","58",NA,NA,NA,NA,NA,NA,NA,NA,NA,NA,NA,NA,NA,NA,NA,NA,NA,NA,NA,"CA","petrale sole","petrale_sole",NA,NA,"675","total_catch_wt_kg ~ 0 + factor(year) + pass","delta_lognormal","TRUE","iid, iid","02_9","range","2.04620898042119","0.742709045565069","1.00459448179729","4.16782220828601"
"59","59","59","59","59","59","59","59","59","59","59","59","59","59","59","59","59","59","59","59","59","59","59","59","59","59","59","59","59","59","59","59","59",NA,NA,NA,NA,NA,NA,NA,NA,NA,NA,NA,NA,NA,NA,NA,NA,NA,NA,NA,"CA","petrale sole","petrale_sole",NA,NA,"675","total_catch_wt_kg ~ 0 + factor(year) + pass","delta_lognormal","TRUE","iid, iid","02_9","sigma_O","8.65882713613422","2.56314873682899","4.84719010255327","15.467783558553"
"60","60","60","60","60","60","60","60","60","60","60","60","60","60","60","60","60","60","60","60","60","60","60","60","60","60","60","60","60","60","60","60","60",NA,NA,NA,NA,NA,NA,NA,NA,NA,NA,NA,NA,NA,NA,NA,NA,NA,NA,NA,"CA","petrale sole","petrale_sole",NA,NA,"675","total_catch_wt_kg ~ 0 + factor(year) + pass","delta_lognormal","TRUE","iid, iid","02_9","sigma_E","4.08441189642918e-07","0.00302848077022295","0","Inf"
"61","61","61","61","61","61","61","61","61","61","61","61","61","61","61","61","61","61","61","61","61","61","61","61","61","61","61","61","61","61","61","61",NA,NA,NA,NA,NA,NA,NA,NA,NA,NA,NA,NA,NA,NA,NA,NA,NA,NA,NA,NA,"CA","petrale sole","petrale_sole",NA,NA,"675","total_catch_wt_kg ~ 0 + factor(year) + pass","delta_lognormal","TRUE","iid, iid","03_1","range","1.69641150873695","0.554715050365632","0.893704783178596","3.22009243000782"
"62","62","62","62","62","62","62","62","62","62","62","62","62","62","62","62","62","62","62","62","62","62","62","62","62","62","62","62","62","62","62","62",NA,NA,NA,NA,NA,NA,NA,NA,NA,NA,NA,NA,NA,NA,NA,NA,NA,NA,NA,NA,"CA","petrale sole","petrale_sole",NA,NA,"675","total_catch_wt_kg ~ 0 + factor(year) + pass","delta_lognormal","TRUE","iid, iid","03_1","sigma_O","7.37213999430821","1.89956670855422","4.44903607603371","12.2157804897213"
"63","63","63","63","63","63","63","63","63","63","63","63","63","63","63","63","63","63","63","63","63","63","63","63","63","63","63","63","63","63","63","63",NA,NA,NA,NA,NA,NA,NA,NA,NA,NA,NA,NA,NA,NA,NA,NA,NA,NA,NA,NA,"CA","petrale sole","petrale_sole",NA,NA,"675","total_catch_wt_kg ~ 0 + factor(year) + pass","delta_lognormal","TRUE","iid, iid","03_1","sigma_E","0.000245183323185192","0.142309922574727","0","Inf"
"64","64","64","64","64","64","64","64","64","64","64","64","64","64","64","64","64","64","64","64","64","64","64","64","64","64","64","64","64","64","64",NA,NA,NA,NA,NA,NA,NA,NA,NA,NA,NA,NA,NA,NA,NA,NA,NA,NA,NA,NA,NA,"CA","petrale sole","petrale_sole",NA,NA,"675","total_catch_wt_kg ~ 0 + factor(year) + pass","delta_lognormal","TRUE","iid, iid","03_10","range","1.99500231842961","0.665619880722292","1.03739799456198","3.83655479517294"
"65","65","65","65","65","65","65","65","65","65","65","65","65","65","65","65","65","65","65","65","65","65","65","65","65","65","65","65","65","65","65",NA,NA,NA,NA,NA,NA,NA,NA,NA,NA,NA,NA,NA,NA,NA,NA,NA,NA,NA,NA,NA,"CA","petrale sole","petrale_sole",NA,NA,"675","total_catch_wt_kg ~ 0 + factor(year) + pass","delta_lognormal","TRUE","iid, iid","03_10","sigma_O","8.6690181612211","2.37524145925852","5.06696046515362","14.8317470397517"
"66","66","66","66","66","66","66","66","66","66","66","66","66","66","66","66","66","66","66","66","66","66","66","66","66","66","66","66","66","66","66",NA,NA,NA,NA,NA,NA,NA,NA,NA,NA,NA,NA,NA,NA,NA,NA,NA,NA,NA,NA,NA,"CA","petrale sole","petrale_sole",NA,NA,"675","total_catch_wt_kg ~ 0 + factor(year) + pass","delta_lognormal","TRUE","iid, iid","03_10","sigma_E","0.269566439392077","0.181364778045361","0.0721067490586816","1.00775677998443"
"67","67","67","67","67","67","67","67","67","67","67","67","67","67","67","67","67","67","67","67","67","67","67","67","67","67","67","67","67","67",NA,NA,NA,NA,NA,NA,NA,NA,NA,NA,NA,NA,NA,NA,NA,NA,NA,NA,NA,NA,NA,NA,"CA","petrale sole","petrale_sole",NA,NA,"675","total_catch_wt_kg ~ 0 + factor(year) + pass","delta_lognormal","TRUE","iid, iid","03_2","range","1.77973041340938","0.599636437151342","0.919523377471985","3.44465450473098"
"68","68","68","68","68","68","68","68","68","68","68","68","68","68","68","68","68","68","68","68","68","68","68","68","68","68","68","68","68","68",NA,NA,NA,NA,NA,NA,NA,NA,NA,NA,NA,NA,NA,NA,NA,NA,NA,NA,NA,NA,NA,NA,"CA","petrale sole","petrale_sole",NA,NA,"675","total_catch_wt_kg ~ 0 + factor(year) + pass","delta_lognormal","TRUE","iid, iid","03_2","sigma_O","8.81551610449331","2.37391100076807","5.20031374354696","14.9439683874872"
"69","69","69","69","69","69","69","69","69","69","69","69","69","69","69","69","69","69","69","69","69","69","69","69","69","69","69","69","69","69",NA,NA,NA,NA,NA,NA,NA,NA,NA,NA,NA,NA,NA,NA,NA,NA,NA,NA,NA,NA,NA,NA,"CA","petrale sole","petrale_sole",NA,NA,"675","total_catch_wt_kg ~ 0 + factor(year) + pass","delta_lognormal","TRUE","iid, iid","03_2","sigma_E","0.000528130952669182","0.195428783427641","5.5642167100287e-319","Inf"
"70","70","70","70","70","70","70","70","70","70","70","70","70","70","70","70","70","70","70","70","70","70","70","70","70","70","70","70","70",NA,NA,NA,NA,NA,NA,NA,NA,NA,NA,NA,NA,NA,NA,NA,NA,NA,NA,NA,NA,NA,NA,NA,"CA","petrale sole","petrale_sole",NA,NA,"675","total_catch_wt_kg ~ 0 + factor(year) + pass","delta_lognormal","TRUE","iid, iid","03_3","range","1.61793090232721","0.462393877274477","0.92404311951763","2.83287689655849"
"71","71","71","71","71","71","71","71","71","71","71","71","71","71","71","71","71","71","71","71","71","71","71","71","71","71","71","71","71",NA,NA,NA,NA,NA,NA,NA,NA,NA,NA,NA,NA,NA,NA,NA,NA,NA,NA,NA,NA,NA,NA,NA,"CA","petrale sole","petrale_sole",NA,NA,"675","total_catch_wt_kg ~ 0 + factor(year) + pass","delta_lognormal","TRUE","iid, iid","03_3","sigma_O","7.82178317865318","1.81129889456152","4.96812025723798","12.3145755187244"
"72","72","72","72","72","72","72","72","72","72","72","72","72","72","72","72","72","72","72","72","72","72","72","72","72","72","72","72","72",NA,NA,NA,NA,NA,NA,NA,NA,NA,NA,NA,NA,NA,NA,NA,NA,NA,NA,NA,NA,NA,NA,NA,"CA","petrale sole","petrale_sole",NA,NA,"675","total_catch_wt_kg ~ 0 + factor(year) + pass","delta_lognormal","TRUE","iid, iid","03_3","sigma_E","0.00794336677686362","0.530372703471589","1.16388322133288e-59","5.421254864343e+54"
"73","73","73","73","73","73","73","73","73","73","73","73","73","73","73","73","73","73","73","73","73","73","73","73","73","73","73","73",NA,NA,NA,NA,NA,NA,NA,NA,NA,NA,NA,NA,NA,NA,NA,NA,NA,NA,NA,NA,NA,NA,NA,NA,"CA","petrale sole","petrale_sole",NA,NA,"675","total_catch_wt_kg ~ 0 + factor(year) + pass","delta_lognormal","TRUE","iid, iid","03_4","range","1.51103012037699","0.431819745616238","0.863014554899286","2.64562400683145"
"74","74","74","74","74","74","74","74","74","74","74","74","74","74","74","74","74","74","74","74","74","74","74","74","74","74","74","74",NA,NA,NA,NA,NA,NA,NA,NA,NA,NA,NA,NA,NA,NA,NA,NA,NA,NA,NA,NA,NA,NA,NA,NA,"CA","petrale sole","petrale_sole",NA,NA,"675","total_catch_wt_kg ~ 0 + factor(year) + pass","delta_lognormal","TRUE","iid, iid","03_4","sigma_O","7.58767775523202","1.74870685370836","4.82986831496098","11.9201704814405"
"75","75","75","75","75","75","75","75","75","75","75","75","75","75","75","75","75","75","75","75","75","75","75","75","75","75","75","75",NA,NA,NA,NA,NA,NA,NA,NA,NA,NA,NA,NA,NA,NA,NA,NA,NA,NA,NA,NA,NA,NA,NA,NA,"CA","petrale sole","petrale_sole",NA,NA,"675","total_catch_wt_kg ~ 0 + factor(year) + pass","delta_lognormal","TRUE","iid, iid","03_4","sigma_E","0.00131036701075025","0.269015848166401","2.32991215000754e-178","7.36964139552181e+171"
"76","76","76","76","76","76","76","76","76","76","76","76","76","76","76","76","76","76","76","76","76","76","76","76","76","76","76",NA,NA,NA,NA,NA,NA,NA,NA,NA,NA,NA,NA,NA,NA,NA,NA,NA,NA,NA,NA,NA,NA,NA,NA,NA,"CA","petrale sole","petrale_sole",NA,NA,"675","total_catch_wt_kg ~ 0 + factor(year) + pass","delta_lognormal","TRUE","iid, iid","03_5","range","2.63292616431336","1.07595148632691","1.18193382665585","5.86521853456046"
"77","77","77","77","77","77","77","77","77","77","77","77","77","77","77","77","77","77","77","77","77","77","77","77","77","77","77",NA,NA,NA,NA,NA,NA,NA,NA,NA,NA,NA,NA,NA,NA,NA,NA,NA,NA,NA,NA,NA,NA,NA,NA,NA,"CA","petrale sole","petrale_sole",NA,NA,"675","total_catch_wt_kg ~ 0 + factor(year) + pass","delta_lognormal","TRUE","iid, iid","03_5","sigma_O","10.8678472728147","3.80297424792163","5.47373130700741","21.5776218671938"
"78","78","78","78","78","78","78","78","78","78","78","78","78","78","78","78","78","78","78","78","78","78","78","78","78","78","78",NA,NA,NA,NA,NA,NA,NA,NA,NA,NA,NA,NA,NA,NA,NA,NA,NA,NA,NA,NA,NA,NA,NA,NA,NA,"CA","petrale sole","petrale_sole",NA,NA,"675","total_catch_wt_kg ~ 0 + factor(year) + pass","delta_lognormal","TRUE","iid, iid","03_5","sigma_E","3.83883391075701e-18","1.22486259551153e-14","0","Inf"
"79","79","79","79","79","79","79","79","79","79","79","79","79","79","79","79","79","79","79","79","79","79","79","79","79","79",NA,NA,NA,NA,NA,NA,NA,NA,NA,NA,NA,NA,NA,NA,NA,NA,NA,NA,NA,NA,NA,NA,NA,NA,NA,NA,"CA","petrale sole","petrale_sole",NA,NA,"675","total_catch_wt_kg ~ 0 + factor(year) + pass","delta_lognormal","TRUE","iid, iid","03_6","range","3.16101098772031","1.51739307236701","1.23373031605754","8.09900699888651"
"80","80","80","80","80","80","80","80","80","80","80","80","80","80","80","80","80","80","80","80","80","80","80","80","80","80",NA,NA,NA,NA,NA,NA,NA,NA,NA,NA,NA,NA,NA,NA,NA,NA,NA,NA,NA,NA,NA,NA,NA,NA,NA,NA,"CA","petrale sole","petrale_sole",NA,NA,"675","total_catch_wt_kg ~ 0 + factor(year) + pass","delta_lognormal","TRUE","iid, iid","03_6","sigma_O","12.6323247118843","5.23066903222665","5.61081694637894","28.440711780745"
"81","81","81","81","81","81","81","81","81","81","81","81","81","81","81","81","81","81","81","81","81","81","81","81","81","81",NA,NA,NA,NA,NA,NA,NA,NA,NA,NA,NA,NA,NA,NA,NA,NA,NA,NA,NA,NA,NA,NA,NA,NA,NA,NA,"CA","petrale sole","petrale_sole",NA,NA,"675","total_catch_wt_kg ~ 0 + factor(year) + pass","delta_lognormal","TRUE","iid, iid","03_6","sigma_E","2.01316549344029e-22","2.40565950439309e-19","0","Inf"
"82","82","82","82","82","82","82","82","82","82","82","82","82","82","82","82","82","82","82","82","82","82","82","82","82",NA,NA,NA,NA,NA,NA,NA,NA,NA,NA,NA,NA,NA,NA,NA,NA,NA,NA,NA,NA,NA,NA,NA,NA,NA,NA,NA,"CA","petrale sole","petrale_sole",NA,NA,"675","total_catch_wt_kg ~ 0 + factor(year) + pass","delta_lognormal","TRUE","iid, iid","03_7","range","1.82301504695914","0.569840692332004","0.987916952818084","3.36403161415474"
"83","83","83","83","83","83","83","83","83","83","83","83","83","83","83","83","83","83","83","83","83","83","83","83","83",NA,NA,NA,NA,NA,NA,NA,NA,NA,NA,NA,NA,NA,NA,NA,NA,NA,NA,NA,NA,NA,NA,NA,NA,NA,NA,NA,"CA","petrale sole","petrale_sole",NA,NA,"675","total_catch_wt_kg ~ 0 + factor(year) + pass","delta_lognormal","TRUE","iid, iid","03_7","sigma_O","8.64306320725373","2.16864612747888","5.28556257770336","14.1333189242161"
"84","84","84","84","84","84","84","84","84","84","84","84","84","84","84","84","84","84","84","84","84","84","84","84","84",NA,NA,NA,NA,NA,NA,NA,NA,NA,NA,NA,NA,NA,NA,NA,NA,NA,NA,NA,NA,NA,NA,NA,NA,NA,NA,NA,"CA","petrale sole","petrale_sole",NA,NA,"675","total_catch_wt_kg ~ 0 + factor(year) + pass","delta_lognormal","TRUE","iid, iid","03_7","sigma_E","2.91947458439701e-06","0.00661765738148004","0","Inf"
"85","85","85","85","85","85","85","85","85","85","85","85","85","85","85","85","85","85","85","85","85","85","85","85",NA,NA,NA,NA,NA,NA,NA,NA,NA,NA,NA,NA,NA,NA,NA,NA,NA,NA,NA,NA,NA,NA,NA,NA,NA,NA,NA,NA,"CA","petrale sole","petrale_sole",NA,NA,"675","total_catch_wt_kg ~ 0 + factor(year) + pass","delta_lognormal","TRUE","iid, iid","03_8","range","1.57365445531667","0.505878614564626","0.838061373175718","2.95490094639977"
"86","86","86","86","86","86","86","86","86","86","86","86","86","86","86","86","86","86","86","86","86","86","86","86",NA,NA,NA,NA,NA,NA,NA,NA,NA,NA,NA,NA,NA,NA,NA,NA,NA,NA,NA,NA,NA,NA,NA,NA,NA,NA,NA,NA,"CA","petrale sole","petrale_sole",NA,NA,"675","total_catch_wt_kg ~ 0 + factor(year) + pass","delta_lognormal","TRUE","iid, iid","03_8","sigma_O","8.52863604103535","2.13897817098125","5.21673298671282","13.9431389158142"
"87","87","87","87","87","87","87","87","87","87","87","87","87","87","87","87","87","87","87","87","87","87","87","87",NA,NA,NA,NA,NA,NA,NA,NA,NA,NA,NA,NA,NA,NA,NA,NA,NA,NA,NA,NA,NA,NA,NA,NA,NA,NA,NA,NA,"CA","petrale sole","petrale_sole",NA,NA,"675","total_catch_wt_kg ~ 0 + factor(year) + pass","delta_lognormal","TRUE","iid, iid","03_8","sigma_E","0.000163500489976848","0.238546734597731","0","Inf"
"88","88","88","88","88","88","88","88","88","88","88","88","88","88","88","88","88","88","88","88","88","88","88",NA,NA,NA,NA,NA,NA,NA,NA,NA,NA,NA,NA,NA,NA,NA,NA,NA,NA,NA,NA,NA,NA,NA,NA,NA,NA,NA,NA,NA,"CA","petrale sole","petrale_sole",NA,NA,"675","total_catch_wt_kg ~ 0 + factor(year) + pass","delta_lognormal","TRUE","iid, iid","03_9","range","2.10349556656439","0.666968866357915","1.1299146871427","3.91595369889839"
"89","89","89","89","89","89","89","89","89","89","89","89","89","89","89","89","89","89","89","89","89","89","89",NA,NA,NA,NA,NA,NA,NA,NA,NA,NA,NA,NA,NA,NA,NA,NA,NA,NA,NA,NA,NA,NA,NA,NA,NA,NA,NA,NA,NA,"CA","petrale sole","petrale_sole",NA,NA,"675","total_catch_wt_kg ~ 0 + factor(year) + pass","delta_lognormal","TRUE","iid, iid","03_9","sigma_O","8.7373330676287","2.31161724506099","5.2020958105007","14.6750448118583"
"90","90","90","90","90","90","90","90","90","90","90","90","90","90","90","90","90","90","90","90","90","90","90",NA,NA,NA,NA,NA,NA,NA,NA,NA,NA,NA,NA,NA,NA,NA,NA,NA,NA,NA,NA,NA,NA,NA,NA,NA,NA,NA,NA,NA,"CA","petrale sole","petrale_sole",NA,NA,"675","total_catch_wt_kg ~ 0 + factor(year) + pass","delta_lognormal","TRUE","iid, iid","03_9","sigma_E","2.18755093787391e-07","NaN","NaN","NaN"
"91","91","91","91","91","91","91","91","91","91","91","91","91","91","91","91","91","91","91","91","91","91",NA,NA,NA,NA,NA,NA,NA,NA,NA,NA,NA,NA,NA,NA,NA,NA,NA,NA,NA,NA,NA,NA,NA,NA,NA,NA,NA,NA,NA,NA,"CA","petrale sole","petrale_sole",NA,NA,"675","total_catch_wt_kg ~ 0 + factor(year) + pass","delta_lognormal","TRUE","iid, iid","04_1","range","2.36455556319786","0.797772645670054","1.22057465318843","4.58073006582974"
"92","92","92","92","92","92","92","92","92","92","92","92","92","92","92","92","92","92","92","92","92","92",NA,NA,NA,NA,NA,NA,NA,NA,NA,NA,NA,NA,NA,NA,NA,NA,NA,NA,NA,NA,NA,NA,NA,NA,NA,NA,NA,NA,NA,NA,"CA","petrale sole","petrale_sole",NA,NA,"675","total_catch_wt_kg ~ 0 + factor(year) + pass","delta_lognormal","TRUE","iid, iid","04_1","sigma_O","10.0866909686276","2.94952858092714","5.68646253523473","17.8918499974595"
"93","93","93","93","93","93","93","93","93","93","93","93","93","93","93","93","93","93","93","93","93","93",NA,NA,NA,NA,NA,NA,NA,NA,NA,NA,NA,NA,NA,NA,NA,NA,NA,NA,NA,NA,NA,NA,NA,NA,NA,NA,NA,NA,NA,NA,"CA","petrale sole","petrale_sole",NA,NA,"675","total_catch_wt_kg ~ 0 + factor(year) + pass","delta_lognormal","TRUE","iid, iid","04_1","sigma_E","1.53044793188774e-08","NaN","NaN","NaN"
"94","94","94","94","94","94","94","94","94","94","94","94","94","94","94","94","94","94","94","94","94",NA,NA,NA,NA,NA,NA,NA,NA,NA,NA,NA,NA,NA,NA,NA,NA,NA,NA,NA,NA,NA,NA,NA,NA,NA,NA,NA,NA,NA,NA,NA,"CA","petrale sole","petrale_sole",NA,NA,"675","total_catch_wt_kg ~ 0 + factor(year) + pass","delta_lognormal","TRUE","iid, iid","04_10","range","2.27116739132674","0.755177208970228","1.18363926802286","4.35791668862264"
"95","95","95","95","95","95","95","95","95","95","95","95","95","95","95","95","95","95","95","95","95",NA,NA,NA,NA,NA,NA,NA,NA,NA,NA,NA,NA,NA,NA,NA,NA,NA,NA,NA,NA,NA,NA,NA,NA,NA,NA,NA,NA,NA,NA,NA,"CA","petrale sole","petrale_sole",NA,NA,"675","total_catch_wt_kg ~ 0 + factor(year) + pass","delta_lognormal","TRUE","iid, iid","04_10","sigma_O","10.4773232564468","3.02297872058023","5.95191451079994","18.4435281153472"
"96","96","96","96","96","96","96","96","96","96","96","96","96","96","96","96","96","96","96","96","96",NA,NA,NA,NA,NA,NA,NA,NA,NA,NA,NA,NA,NA,NA,NA,NA,NA,NA,NA,NA,NA,NA,NA,NA,NA,NA,NA,NA,NA,NA,NA,"CA","petrale sole","petrale_sole",NA,NA,"675","total_catch_wt_kg ~ 0 + factor(year) + pass","delta_lognormal","TRUE","iid, iid","04_10","sigma_E","0.000677073673108138","NaN","NaN","NaN"
"97","97","97","97","97","97","97","97","97","97","97","97","97","97","97","97","97","97","97","97",NA,NA,NA,NA,NA,NA,NA,NA,NA,NA,NA,NA,NA,NA,NA,NA,NA,NA,NA,NA,NA,NA,NA,NA,NA,NA,NA,NA,NA,NA,NA,NA,"CA","petrale sole","petrale_sole",NA,NA,"675","total_catch_wt_kg ~ 0 + factor(year) + pass","delta_lognormal","TRUE","iid, iid","04_2","range","2.25966547147977","0.709537482941972","1.22114128344943","4.18140645329294"
"98","98","98","98","98","98","98","98","98","98","98","98","98","98","98","98","98","98","98","98",NA,NA,NA,NA,NA,NA,NA,NA,NA,NA,NA,NA,NA,NA,NA,NA,NA,NA,NA,NA,NA,NA,NA,NA,NA,NA,NA,NA,NA,NA,NA,NA,"CA","petrale sole","petrale_sole",NA,NA,"675","total_catch_wt_kg ~ 0 + factor(year) + pass","delta_lognormal","TRUE","iid, iid","04_2","sigma_O","11.26663570586","3.05727524138303","6.61934701995075","19.1766770568109"
"99","99","99","99","99","99","99","99","99","99","99","99","99","99","99","99","99","99","99","99",NA,NA,NA,NA,NA,NA,NA,NA,NA,NA,NA,NA,NA,NA,NA,NA,NA,NA,NA,NA,NA,NA,NA,NA,NA,NA,NA,NA,NA,NA,NA,NA,"CA","petrale sole","petrale_sole",NA,NA,"675","total_catch_wt_kg ~ 0 + factor(year) + pass","delta_lognormal","TRUE","iid, iid","04_2","sigma_E","4.67288295316545e-12","6.78187165851356e-09","0","Inf"
"100","100","100","100","100","100","100","100","100","100","100","100","100","100","100","100","100","100","100",NA,NA,NA,NA,NA,NA,NA,NA,NA,NA,NA,NA,NA,NA,NA,NA,NA,NA,NA,NA,NA,NA,NA,NA,NA,NA,NA,NA,NA,NA,NA,NA,NA,"CA","petrale sole","petrale_sole",NA,NA,"675","total_catch_wt_kg ~ 0 + factor(year) + pass","delta_lognormal","TRUE","iid, iid","04_3","range","1.69696448337163","0.448690243447354","1.01066826073872","2.84929147346522"
"101","101","101","101","101","101","101","101","101","101","101","101","101","101","101","101","101","101","101",NA,NA,NA,NA,NA,NA,NA,NA,NA,NA,NA,NA,NA,NA,NA,NA,NA,NA,NA,NA,NA,NA,NA,NA,NA,NA,NA,NA,NA,NA,NA,NA,NA,"CA","petrale sole","petrale_sole",NA,NA,"675","total_catch_wt_kg ~ 0 + factor(year) + pass","delta_lognormal","TRUE","iid, iid","04_3","sigma_O","8.38173825053256","1.85228112912692","5.4353433640647","12.9253170213524"
"102","102","102","102","102","102","102","102","102","102","102","102","102","102","102","102","102","102","102",NA,NA,NA,NA,NA,NA,NA,NA,NA,NA,NA,NA,NA,NA,NA,NA,NA,NA,NA,NA,NA,NA,NA,NA,NA,NA,NA,NA,NA,NA,NA,NA,NA,"CA","petrale sole","petrale_sole",NA,NA,"675","total_catch_wt_kg ~ 0 + factor(year) + pass","delta_lognormal","TRUE","iid, iid","04_3","sigma_E","0.201325609435392","0.194538041450344","0.0302966919412589","1.33783586317338"
"103","103","103","103","103","103","103","103","103","103","103","103","103","103","103","103","103","103",NA,NA,NA,NA,NA,NA,NA,NA,NA,NA,NA,NA,NA,NA,NA,NA,NA,NA,NA,NA,NA,NA,NA,NA,NA,NA,NA,NA,NA,NA,NA,NA,NA,NA,"CA","petrale sole","petrale_sole",NA,NA,"675","total_catch_wt_kg ~ 0 + factor(year) + pass","delta_lognormal","TRUE","iid, iid","04_4","range","1.87296092824208","0.566876705597947","1.03490663724167","3.3896609727726"
"104","104","104","104","104","104","104","104","104","104","104","104","104","104","104","104","104","104",NA,NA,NA,NA,NA,NA,NA,NA,NA,NA,NA,NA,NA,NA,NA,NA,NA,NA,NA,NA,NA,NA,NA,NA,NA,NA,NA,NA,NA,NA,NA,NA,NA,NA,"CA","petrale sole","petrale_sole",NA,NA,"675","total_catch_wt_kg ~ 0 + factor(year) + pass","delta_lognormal","TRUE","iid, iid","04_4","sigma_O","9.13589272443984","2.32085609535321","5.55282750202915","15.0309974228396"
"105","105","105","105","105","105","105","105","105","105","105","105","105","105","105","105","105","105",NA,NA,NA,NA,NA,NA,NA,NA,NA,NA,NA,NA,NA,NA,NA,NA,NA,NA,NA,NA,NA,NA,NA,NA,NA,NA,NA,NA,NA,NA,NA,NA,NA,NA,"CA","petrale sole","petrale_sole",NA,NA,"675","total_catch_wt_kg ~ 0 + factor(year) + pass","delta_lognormal","TRUE","iid, iid","04_4","sigma_E","5.74187738947885e-05","NaN","NaN","NaN"
"106","106","106","106","106","106","106","106","106","106","106","106","106","106","106","106","106",NA,NA,NA,NA,NA,NA,NA,NA,NA,NA,NA,NA,NA,NA,NA,NA,NA,NA,NA,NA,NA,NA,NA,NA,NA,NA,NA,NA,NA,NA,NA,NA,NA,NA,NA,"CA","petrale sole","petrale_sole",NA,NA,"675","total_catch_wt_kg ~ 0 + factor(year) + pass","delta_lognormal","TRUE","iid, iid","04_5","range","2.5754365703619","0.984852678785224","1.2171651045835","5.44944437117028"
"107","107","107","107","107","107","107","107","107","107","107","107","107","107","107","107","107",NA,NA,NA,NA,NA,NA,NA,NA,NA,NA,NA,NA,NA,NA,NA,NA,NA,NA,NA,NA,NA,NA,NA,NA,NA,NA,NA,NA,NA,NA,NA,NA,NA,NA,NA,"CA","petrale sole","petrale_sole",NA,NA,"675","total_catch_wt_kg ~ 0 + factor(year) + pass","delta_lognormal","TRUE","iid, iid","04_5","sigma_O","11.0242248952966","3.60623114457611","5.80636111822266","20.9311016086576"
"108","108","108","108","108","108","108","108","108","108","108","108","108","108","108","108","108",NA,NA,NA,NA,NA,NA,NA,NA,NA,NA,NA,NA,NA,NA,NA,NA,NA,NA,NA,NA,NA,NA,NA,NA,NA,NA,NA,NA,NA,NA,NA,NA,NA,NA,NA,"CA","petrale sole","petrale_sole",NA,NA,"675","total_catch_wt_kg ~ 0 + factor(year) + pass","delta_lognormal","TRUE","iid, iid","04_5","sigma_E","3.58096026571919e-13","NaN","NaN","NaN"
"109","109","109","109","109","109","109","109","109","109","109","109","109","109","109","109",NA,NA,NA,NA,NA,NA,NA,NA,NA,NA,NA,NA,NA,NA,NA,NA,NA,NA,NA,NA,NA,NA,NA,NA,NA,NA,NA,NA,NA,NA,NA,NA,NA,NA,NA,NA,"CA","petrale sole","petrale_sole",NA,NA,"675","total_catch_wt_kg ~ 0 + factor(year) + pass","delta_lognormal","TRUE","iid, iid","04_6","range","3.41709346120349","1.34901808519583","1.57621351191351","7.40796068194117"
"110","110","110","110","110","110","110","110","110","110","110","110","110","110","110","110",NA,NA,NA,NA,NA,NA,NA,NA,NA,NA,NA,NA,NA,NA,NA,NA,NA,NA,NA,NA,NA,NA,NA,NA,NA,NA,NA,NA,NA,NA,NA,NA,NA,NA,NA,NA,"CA","petrale sole","petrale_sole",NA,NA,"675","total_catch_wt_kg ~ 0 + factor(year) + pass","delta_lognormal","TRUE","iid, iid","04_6","sigma_O","13.8193125971278","4.86010685162256","6.93629911958403","27.5324632580993"
"111","111","111","111","111","111","111","111","111","111","111","111","111","111","111","111",NA,NA,NA,NA,NA,NA,NA,NA,NA,NA,NA,NA,NA,NA,NA,NA,NA,NA,NA,NA,NA,NA,NA,NA,NA,NA,NA,NA,NA,NA,NA,NA,NA,NA,NA,NA,"CA","petrale sole","petrale_sole",NA,NA,"675","total_catch_wt_kg ~ 0 + factor(year) + pass","delta_lognormal","TRUE","iid, iid","04_6","sigma_E","5.29632163214248e-35","5.40946174694347e-32","0","Inf"
"112","112","112","112","112","112","112","112","112","112","112","112","112","112","112",NA,NA,NA,NA,NA,NA,NA,NA,NA,NA,NA,NA,NA,NA,NA,NA,NA,NA,NA,NA,NA,NA,NA,NA,NA,NA,NA,NA,NA,NA,NA,NA,NA,NA,NA,NA,NA,"CA","petrale sole","petrale_sole",NA,NA,"675","total_catch_wt_kg ~ 0 + factor(year) + pass","delta_lognormal","TRUE","iid, iid","04_7","range","1.98699210409835","0.619418681930662","1.07856231986133","3.66055586130322"
"113","113","113","113","113","113","113","113","113","113","113","113","113","113","113",NA,NA,NA,NA,NA,NA,NA,NA,NA,NA,NA,NA,NA,NA,NA,NA,NA,NA,NA,NA,NA,NA,NA,NA,NA,NA,NA,NA,NA,NA,NA,NA,NA,NA,NA,NA,NA,"CA","petrale sole","petrale_sole",NA,NA,"675","total_catch_wt_kg ~ 0 + factor(year) + pass","delta_lognormal","TRUE","iid, iid","04_7","sigma_O","9.6027458151465","2.47763556686623","5.79127468837625","15.9226996045266"
"114","114","114","114","114","114","114","114","114","114","114","114","114","114","114",NA,NA,NA,NA,NA,NA,NA,NA,NA,NA,NA,NA,NA,NA,NA,NA,NA,NA,NA,NA,NA,NA,NA,NA,NA,NA,NA,NA,NA,NA,NA,NA,NA,NA,NA,NA,NA,"CA","petrale sole","petrale_sole",NA,NA,"675","total_catch_wt_kg ~ 0 + factor(year) + pass","delta_lognormal","TRUE","iid, iid","04_7","sigma_E","1.68036603549474e-09","NaN","NaN","NaN"
"115","115","115","115","115","115","115","115","115","115","115","115","115","115",NA,NA,NA,NA,NA,NA,NA,NA,NA,NA,NA,NA,NA,NA,NA,NA,NA,NA,NA,NA,NA,NA,NA,NA,NA,NA,NA,NA,NA,NA,NA,NA,NA,NA,NA,NA,NA,NA,"CA","petrale sole","petrale_sole",NA,NA,"675","total_catch_wt_kg ~ 0 + factor(year) + pass","delta_lognormal","TRUE","iid, iid","04_8","range","1.30605956802393","0.34529659667813","0.777896738963517","2.19282522960526"
"116","116","116","116","116","116","116","116","116","116","116","116","116","116",NA,NA,NA,NA,NA,NA,NA,NA,NA,NA,NA,NA,NA,NA,NA,NA,NA,NA,NA,NA,NA,NA,NA,NA,NA,NA,NA,NA,NA,NA,NA,NA,NA,NA,NA,NA,NA,NA,"CA","petrale sole","petrale_sole",NA,NA,"675","total_catch_wt_kg ~ 0 + factor(year) + pass","delta_lognormal","TRUE","iid, iid","04_8","sigma_O","7.30392514968462","1.48848752054304","4.89877563388918","10.889929765949"
"117","117","117","117","117","117","117","117","117","117","117","117","117","117",NA,NA,NA,NA,NA,NA,NA,NA,NA,NA,NA,NA,NA,NA,NA,NA,NA,NA,NA,NA,NA,NA,NA,NA,NA,NA,NA,NA,NA,NA,NA,NA,NA,NA,NA,NA,NA,NA,"CA","petrale sole","petrale_sole",NA,NA,"675","total_catch_wt_kg ~ 0 + factor(year) + pass","delta_lognormal","TRUE","iid, iid","04_8","sigma_E","0.00196939136296927","0.137108749144886","1.08093741511113e-62","3.58809149014354e+56"
"118","118","118","118","118","118","118","118","118","118","118","118","118",NA,NA,NA,NA,NA,NA,NA,NA,NA,NA,NA,NA,NA,NA,NA,NA,NA,NA,NA,NA,NA,NA,NA,NA,NA,NA,NA,NA,NA,NA,NA,NA,NA,NA,NA,NA,NA,NA,NA,"CA","petrale sole","petrale_sole",NA,NA,"675","total_catch_wt_kg ~ 0 + factor(year) + pass","delta_lognormal","TRUE","iid, iid","04_9","range","2.75512140937383","0.897731324190638","1.45473684472421","5.21791553428972"
"119","119","119","119","119","119","119","119","119","119","119","119","119",NA,NA,NA,NA,NA,NA,NA,NA,NA,NA,NA,NA,NA,NA,NA,NA,NA,NA,NA,NA,NA,NA,NA,NA,NA,NA,NA,NA,NA,NA,NA,NA,NA,NA,NA,NA,NA,NA,NA,"CA","petrale sole","petrale_sole",NA,NA,"675","total_catch_wt_kg ~ 0 + factor(year) + pass","delta_lognormal","TRUE","iid, iid","04_9","sigma_O","11.7927569857848","3.39604405591007","6.70638976082142","20.7368080719397"
"120","120","120","120","120","120","120","120","120","120","120","120","120",NA,NA,NA,NA,NA,NA,NA,NA,NA,NA,NA,NA,NA,NA,NA,NA,NA,NA,NA,NA,NA,NA,NA,NA,NA,NA,NA,NA,NA,NA,NA,NA,NA,NA,NA,NA,NA,NA,NA,"CA","petrale sole","petrale_sole",NA,NA,"675","total_catch_wt_kg ~ 0 + factor(year) + pass","delta_lognormal","TRUE","iid, iid","04_9","sigma_E","1.01808570958671e-16","NaN","NaN","NaN"
"121","121","121","121","121","121","121","121","121","121","121","121",NA,NA,NA,NA,NA,NA,NA,NA,NA,NA,NA,NA,NA,NA,NA,NA,NA,NA,NA,NA,NA,NA,NA,NA,NA,NA,NA,NA,NA,NA,NA,NA,NA,NA,NA,NA,NA,NA,NA,NA,"CA","petrale sole","petrale_sole",NA,NA,"675","total_catch_wt_kg ~ 0 + factor(year) + pass","delta_lognormal","TRUE","iid, iid","05_1","range","2.15786828967365","0.726906205770207","1.11502997037889","4.17602726319259"
"122","122","122","122","122","122","122","122","122","122","122","122",NA,NA,NA,NA,NA,NA,NA,NA,NA,NA,NA,NA,NA,NA,NA,NA,NA,NA,NA,NA,NA,NA,NA,NA,NA,NA,NA,NA,NA,NA,NA,NA,NA,NA,NA,NA,NA,NA,NA,NA,"CA","petrale sole","petrale_sole",NA,NA,"675","total_catch_wt_kg ~ 0 + factor(year) + pass","delta_lognormal","TRUE","iid, iid","05_1","sigma_O","10.306372608564","2.97035420363025","5.85847790247444","18.1312139628782"
"123","123","123","123","123","123","123","123","123","123","123","123",NA,NA,NA,NA,NA,NA,NA,NA,NA,NA,NA,NA,NA,NA,NA,NA,NA,NA,NA,NA,NA,NA,NA,NA,NA,NA,NA,NA,NA,NA,NA,NA,NA,NA,NA,NA,NA,NA,NA,NA,"CA","petrale sole","petrale_sole",NA,NA,"675","total_catch_wt_kg ~ 0 + factor(year) + pass","delta_lognormal","TRUE","iid, iid","05_1","sigma_E","0.000122457322130507","NaN","NaN","NaN"
"124","124","124","124","124","124","124","124","124","124","124",NA,NA,NA,NA,NA,NA,NA,NA,NA,NA,NA,NA,NA,NA,NA,NA,NA,NA,NA,NA,NA,NA,NA,NA,NA,NA,NA,NA,NA,NA,NA,NA,NA,NA,NA,NA,NA,NA,NA,NA,NA,"CA","petrale sole","petrale_sole",NA,NA,"675","total_catch_wt_kg ~ 0 + factor(year) + pass","delta_lognormal","TRUE","iid, iid","05_10","range","2.22570527468514","0.695043945282159","1.20685242828192","4.10469735459991"
"125","125","125","125","125","125","125","125","125","125","125",NA,NA,NA,NA,NA,NA,NA,NA,NA,NA,NA,NA,NA,NA,NA,NA,NA,NA,NA,NA,NA,NA,NA,NA,NA,NA,NA,NA,NA,NA,NA,NA,NA,NA,NA,NA,NA,NA,NA,NA,NA,"CA","petrale sole","petrale_sole",NA,NA,"675","total_catch_wt_kg ~ 0 + factor(year) + pass","delta_lognormal","TRUE","iid, iid","05_10","sigma_O","10.5206801628951","2.82693676612479","6.21331734134277","17.8141087939369"
"126","126","126","126","126","126","126","126","126","126","126",NA,NA,NA,NA,NA,NA,NA,NA,NA,NA,NA,NA,NA,NA,NA,NA,NA,NA,NA,NA,NA,NA,NA,NA,NA,NA,NA,NA,NA,NA,NA,NA,NA,NA,NA,NA,NA,NA,NA,NA,NA,"CA","petrale sole","petrale_sole",NA,NA,"675","total_catch_wt_kg ~ 0 + factor(year) + pass","delta_lognormal","TRUE","iid, iid","05_10","sigma_E","2.24716101215923e-08","NaN","NaN","NaN"
"127","127","127","127","127","127","127","127","127","127",NA,NA,NA,NA,NA,NA,NA,NA,NA,NA,NA,NA,NA,NA,NA,NA,NA,NA,NA,NA,NA,NA,NA,NA,NA,NA,NA,NA,NA,NA,NA,NA,NA,NA,NA,NA,NA,NA,NA,NA,NA,NA,"CA","petrale sole","petrale_sole",NA,NA,"675","total_catch_wt_kg ~ 0 + factor(year) + pass","delta_lognormal","TRUE","iid, iid","05_2","range","1.65923907769286","0.397758722734631","1.0371841966182","2.65437356828189"
"128","128","128","128","128","128","128","128","128","128",NA,NA,NA,NA,NA,NA,NA,NA,NA,NA,NA,NA,NA,NA,NA,NA,NA,NA,NA,NA,NA,NA,NA,NA,NA,NA,NA,NA,NA,NA,NA,NA,NA,NA,NA,NA,NA,NA,NA,NA,NA,NA,"CA","petrale sole","petrale_sole",NA,NA,"675","total_catch_wt_kg ~ 0 + factor(year) + pass","delta_lognormal","TRUE","iid, iid","05_2","sigma_O","9.53708234959822","1.92626767228359","6.41937461766449","14.1689720822228"
"129","129","129","129","129","129","129","129","129","129",NA,NA,NA,NA,NA,NA,NA,NA,NA,NA,NA,NA,NA,NA,NA,NA,NA,NA,NA,NA,NA,NA,NA,NA,NA,NA,NA,NA,NA,NA,NA,NA,NA,NA,NA,NA,NA,NA,NA,NA,NA,NA,"CA","petrale sole","petrale_sole",NA,NA,"675","total_catch_wt_kg ~ 0 + factor(year) + pass","delta_lognormal","TRUE","iid, iid","05_2","sigma_E","9.27645176195504e-07","0.00397116704572397","0","Inf"
"130","130","130","130","130","130","130","130","130",NA,NA,NA,NA,NA,NA,NA,NA,NA,NA,NA,NA,NA,NA,NA,NA,NA,NA,NA,NA,NA,NA,NA,NA,NA,NA,NA,NA,NA,NA,NA,NA,NA,NA,NA,NA,NA,NA,NA,NA,NA,NA,NA,"CA","petrale sole","petrale_sole",NA,NA,"675","total_catch_wt_kg ~ 0 + factor(year) + pass","delta_lognormal","TRUE","iid, iid","05_3","range","1.54145967770416","0.394190485390759","0.933809445232685","2.54452120838824"
"131","131","131","131","131","131","131","131","131",NA,NA,NA,NA,NA,NA,NA,NA,NA,NA,NA,NA,NA,NA,NA,NA,NA,NA,NA,NA,NA,NA,NA,NA,NA,NA,NA,NA,NA,NA,NA,NA,NA,NA,NA,NA,NA,NA,NA,NA,NA,NA,NA,"CA","petrale sole","petrale_sole",NA,NA,"675","total_catch_wt_kg ~ 0 + factor(year) + pass","delta_lognormal","TRUE","iid, iid","05_3","sigma_O","8.53388946948216","1.78641127373824","5.66192064999188","12.8626439647195"
"132","132","132","132","132","132","132","132","132",NA,NA,NA,NA,NA,NA,NA,NA,NA,NA,NA,NA,NA,NA,NA,NA,NA,NA,NA,NA,NA,NA,NA,NA,NA,NA,NA,NA,NA,NA,NA,NA,NA,NA,NA,NA,NA,NA,NA,NA,NA,NA,NA,"CA","petrale sole","petrale_sole",NA,NA,"675","total_catch_wt_kg ~ 0 + factor(year) + pass","delta_lognormal","TRUE","iid, iid","05_3","sigma_E","0.289889851873801","0.139721431031271","0.112711947095591","0.745583129250205"
"133","133","133","133","133","133","133","133",NA,NA,NA,NA,NA,NA,NA,NA,NA,NA,NA,NA,NA,NA,NA,NA,NA,NA,NA,NA,NA,NA,NA,NA,NA,NA,NA,NA,NA,NA,NA,NA,NA,NA,NA,NA,NA,NA,NA,NA,NA,NA,NA,NA,"CA","petrale sole","petrale_sole",NA,NA,"675","total_catch_wt_kg ~ 0 + factor(year) + pass","delta_lognormal","TRUE","iid, iid","05_4","range","1.83694421103836","0.590775458469868","0.978009268064015","3.45023727755355"
"134","134","134","134","134","134","134","134",NA,NA,NA,NA,NA,NA,NA,NA,NA,NA,NA,NA,NA,NA,NA,NA,NA,NA,NA,NA,NA,NA,NA,NA,NA,NA,NA,NA,NA,NA,NA,NA,NA,NA,NA,NA,NA,NA,NA,NA,NA,NA,NA,NA,"CA","petrale sole","petrale_sole",NA,NA,"675","total_catch_wt_kg ~ 0 + factor(year) + pass","delta_lognormal","TRUE","iid, iid","05_4","sigma_O","9.84050694793319","2.60977879261502","5.85156749530451","16.5486559063064"
"135","135","135","135","135","135","135","135",NA,NA,NA,NA,NA,NA,NA,NA,NA,NA,NA,NA,NA,NA,NA,NA,NA,NA,NA,NA,NA,NA,NA,NA,NA,NA,NA,NA,NA,NA,NA,NA,NA,NA,NA,NA,NA,NA,NA,NA,NA,NA,NA,NA,"CA","petrale sole","petrale_sole",NA,NA,"675","total_catch_wt_kg ~ 0 + factor(year) + pass","delta_lognormal","TRUE","iid, iid","05_4","sigma_E","0.154401049653786","0.236980140984386","0.00762423537092386","3.12682950805888"
"136","136","136","136","136","136","136",NA,NA,NA,NA,NA,NA,NA,NA,NA,NA,NA,NA,NA,NA,NA,NA,NA,NA,NA,NA,NA,NA,NA,NA,NA,NA,NA,NA,NA,NA,NA,NA,NA,NA,NA,NA,NA,NA,NA,NA,NA,NA,NA,NA,NA,"CA","petrale sole","petrale_sole",NA,NA,"675","total_catch_wt_kg ~ 0 + factor(year) + pass","delta_lognormal","TRUE","iid, iid","05_5","range","2.54387622634335","0.878031983436702","1.29330030306622","5.00371509974316"
"137","137","137","137","137","137","137",NA,NA,NA,NA,NA,NA,NA,NA,NA,NA,NA,NA,NA,NA,NA,NA,NA,NA,NA,NA,NA,NA,NA,NA,NA,NA,NA,NA,NA,NA,NA,NA,NA,NA,NA,NA,NA,NA,NA,NA,NA,NA,NA,NA,NA,"CA","petrale sole","petrale_sole",NA,NA,"675","total_catch_wt_kg ~ 0 + factor(year) + pass","delta_lognormal","TRUE","iid, iid","05_5","sigma_O","11.3760611250625","3.41696226520494","6.31424441849214","20.4956853336481"
"138","138","138","138","138","138","138",NA,NA,NA,NA,NA,NA,NA,NA,NA,NA,NA,NA,NA,NA,NA,NA,NA,NA,NA,NA,NA,NA,NA,NA,NA,NA,NA,NA,NA,NA,NA,NA,NA,NA,NA,NA,NA,NA,NA,NA,NA,NA,NA,NA,NA,"CA","petrale sole","petrale_sole",NA,NA,"675","total_catch_wt_kg ~ 0 + factor(year) + pass","delta_lognormal","TRUE","iid, iid","05_5","sigma_E","2.5914330000101e-08","NaN","NaN","NaN"
"139","139","139","139","139","139",NA,NA,NA,NA,NA,NA,NA,NA,NA,NA,NA,NA,NA,NA,NA,NA,NA,NA,NA,NA,NA,NA,NA,NA,NA,NA,NA,NA,NA,NA,NA,NA,NA,NA,NA,NA,NA,NA,NA,NA,NA,NA,NA,NA,NA,NA,"CA","petrale sole","petrale_sole",NA,NA,"675","total_catch_wt_kg ~ 0 + factor(year) + pass","delta_lognormal","TRUE","iid, iid","05_6","range","2.29382461567535","0.727741087633414","1.23170628517784","4.271823104904"
"140","140","140","140","140","140",NA,NA,NA,NA,NA,NA,NA,NA,NA,NA,NA,NA,NA,NA,NA,NA,NA,NA,NA,NA,NA,NA,NA,NA,NA,NA,NA,NA,NA,NA,NA,NA,NA,NA,NA,NA,NA,NA,NA,NA,NA,NA,NA,NA,NA,NA,"CA","petrale sole","petrale_sole",NA,NA,"675","total_catch_wt_kg ~ 0 + factor(year) + pass","delta_lognormal","TRUE","iid, iid","05_6","sigma_O","10.921512385669","2.98121460884225","6.39635684315444","18.6480266369093"
"141","141","141","141","141","141",NA,NA,NA,NA,NA,NA,NA,NA,NA,NA,NA,NA,NA,NA,NA,NA,NA,NA,NA,NA,NA,NA,NA,NA,NA,NA,NA,NA,NA,NA,NA,NA,NA,NA,NA,NA,NA,NA,NA,NA,NA,NA,NA,NA,NA,NA,"CA","petrale sole","petrale_sole",NA,NA,"675","total_catch_wt_kg ~ 0 + factor(year) + pass","delta_lognormal","TRUE","iid, iid","05_6","sigma_E","4.51772095262136e-15","NaN","NaN","NaN"
"142","142","142","142","142",NA,NA,NA,NA,NA,NA,NA,NA,NA,NA,NA,NA,NA,NA,NA,NA,NA,NA,NA,NA,NA,NA,NA,NA,NA,NA,NA,NA,NA,NA,NA,NA,NA,NA,NA,NA,NA,NA,NA,NA,NA,NA,NA,NA,NA,NA,NA,"CA","petrale sole","petrale_sole",NA,NA,"675","total_catch_wt_kg ~ 0 + factor(year) + pass","delta_lognormal","TRUE","iid, iid","05_7","range","2.0378976890414","0.582549160194682","1.16374998538439","3.56865911334772"
"143","143","143","143","143",NA,NA,NA,NA,NA,NA,NA,NA,NA,NA,NA,NA,NA,NA,NA,NA,NA,NA,NA,NA,NA,NA,NA,NA,NA,NA,NA,NA,NA,NA,NA,NA,NA,NA,NA,NA,NA,NA,NA,NA,NA,NA,NA,NA,NA,NA,NA,"CA","petrale sole","petrale_sole",NA,NA,"675","total_catch_wt_kg ~ 0 + factor(year) + pass","delta_lognormal","TRUE","iid, iid","05_7","sigma_O","9.42173252569034","2.25651760445001","5.89205588088111","15.0658862679314"
"144","144","144","144","144",NA,NA,NA,NA,NA,NA,NA,NA,NA,NA,NA,NA,NA,NA,NA,NA,NA,NA,NA,NA,NA,NA,NA,NA,NA,NA,NA,NA,NA,NA,NA,NA,NA,NA,NA,NA,NA,NA,NA,NA,NA,NA,NA,NA,NA,NA,NA,"CA","petrale sole","petrale_sole",NA,NA,"675","total_catch_wt_kg ~ 0 + factor(year) + pass","delta_lognormal","TRUE","iid, iid","05_7","sigma_E","0.199450173495642","0.138326067154083","0.0512265003515955","0.776558449911807"
"145","145","145","145",NA,NA,NA,NA,NA,NA,NA,NA,NA,NA,NA,NA,NA,NA,NA,NA,NA,NA,NA,NA,NA,NA,NA,NA,NA,NA,NA,NA,NA,NA,NA,NA,NA,NA,NA,NA,NA,NA,NA,NA,NA,NA,NA,NA,NA,NA,NA,NA,"CA","petrale sole","petrale_sole",NA,NA,"675","total_catch_wt_kg ~ 0 + factor(year) + pass","delta_lognormal","TRUE","iid, iid","05_8","range","2.0016679765566","0.643799627230245","1.06566020163648","3.75980512570457"
"146","146","146","146",NA,NA,NA,NA,NA,NA,NA,NA,NA,NA,NA,NA,NA,NA,NA,NA,NA,NA,NA,NA,NA,NA,NA,NA,NA,NA,NA,NA,NA,NA,NA,NA,NA,NA,NA,NA,NA,NA,NA,NA,NA,NA,NA,NA,NA,NA,NA,NA,"CA","petrale sole","petrale_sole",NA,NA,"675","total_catch_wt_kg ~ 0 + factor(year) + pass","delta_lognormal","TRUE","iid, iid","05_8","sigma_O","9.86242067039509","2.70216028020526","5.76456632848965","16.8733146497285"
"147","147","147","147",NA,NA,NA,NA,NA,NA,NA,NA,NA,NA,NA,NA,NA,NA,NA,NA,NA,NA,NA,NA,NA,NA,NA,NA,NA,NA,NA,NA,NA,NA,NA,NA,NA,NA,NA,NA,NA,NA,NA,NA,NA,NA,NA,NA,NA,NA,NA,NA,"CA","petrale sole","petrale_sole",NA,NA,"675","total_catch_wt_kg ~ 0 + factor(year) + pass","delta_lognormal","TRUE","iid, iid","05_8","sigma_E","3.24969739947302e-08","7.2321320718416e-05","0","Inf"
"148","148","148",NA,NA,NA,NA,NA,NA,NA,NA,NA,NA,NA,NA,NA,NA,NA,NA,NA,NA,NA,NA,NA,NA,NA,NA,NA,NA,NA,NA,NA,NA,NA,NA,NA,NA,NA,NA,NA,NA,NA,NA,NA,NA,NA,NA,NA,NA,NA,NA,NA,"CA","petrale sole","petrale_sole",NA,NA,"675","total_catch_wt_kg ~ 0 + factor(year) + pass","delta_lognormal","TRUE","iid, iid","05_9","range","2.65746120551469","0.814973142309971","1.45688713564095","4.84738994946829"
"149","149","149",NA,NA,NA,NA,NA,NA,NA,NA,NA,NA,NA,NA,NA,NA,NA,NA,NA,NA,NA,NA,NA,NA,NA,NA,NA,NA,NA,NA,NA,NA,NA,NA,NA,NA,NA,NA,NA,NA,NA,NA,NA,NA,NA,NA,NA,NA,NA,NA,NA,"CA","petrale sole","petrale_sole",NA,NA,"675","total_catch_wt_kg ~ 0 + factor(year) + pass","delta_lognormal","TRUE","iid, iid","05_9","sigma_O","12.2081663565241","3.31536938664135","7.16951535887578","20.7879219624042"
"150","150","150",NA,NA,NA,NA,NA,NA,NA,NA,NA,NA,NA,NA,NA,NA,NA,NA,NA,NA,NA,NA,NA,NA,NA,NA,NA,NA,NA,NA,NA,NA,NA,NA,NA,NA,NA,NA,NA,NA,NA,NA,NA,NA,NA,NA,NA,NA,NA,NA,NA,"CA","petrale sole","petrale_sole",NA,NA,"675","total_catch_wt_kg ~ 0 + factor(year) + pass","delta_lognormal","TRUE","iid, iid","05_9","sigma_E","3.04580135069756e-13","3.42013504440675e-10","0","Inf"
"151","151",NA,NA,NA,NA,NA,NA,NA,NA,NA,NA,NA,NA,NA,NA,NA,NA,NA,NA,NA,NA,NA,NA,NA,NA,NA,NA,NA,NA,NA,NA,NA,NA,NA,NA,NA,NA,NA,NA,NA,NA,NA,NA,NA,NA,NA,NA,NA,NA,NA,NA,"CA","petrale sole","petrale_sole",NA,NA,"675","total_catch_wt_kg ~ 0 + factor(year) + pass","delta_lognormal","TRUE","iid, iid","06_1","range","1.90016221839459","0.555777108203715","1.07108352468168","3.37099429970908"
"152","152",NA,NA,NA,NA,NA,NA,NA,NA,NA,NA,NA,NA,NA,NA,NA,NA,NA,NA,NA,NA,NA,NA,NA,NA,NA,NA,NA,NA,NA,NA,NA,NA,NA,NA,NA,NA,NA,NA,NA,NA,NA,NA,NA,NA,NA,NA,NA,NA,NA,NA,"CA","petrale sole","petrale_sole",NA,NA,"675","total_catch_wt_kg ~ 0 + factor(year) + pass","delta_lognormal","TRUE","iid, iid","06_1","sigma_O","10.2948615126108","2.56456204383826","6.31796099829046","16.7750598005454"
"153","153",NA,NA,NA,NA,NA,NA,NA,NA,NA,NA,NA,NA,NA,NA,NA,NA,NA,NA,NA,NA,NA,NA,NA,NA,NA,NA,NA,NA,NA,NA,NA,NA,NA,NA,NA,NA,NA,NA,NA,NA,NA,NA,NA,NA,NA,NA,NA,NA,NA,NA,"CA","petrale sole","petrale_sole",NA,NA,"675","total_catch_wt_kg ~ 0 + factor(year) + pass","delta_lognormal","TRUE","iid, iid","06_1","sigma_E","0.197258585411472","0.140640708793201","0.0487696157583681","0.797852288017226"
"154",NA,NA,NA,NA,NA,NA,NA,NA,NA,NA,NA,NA,NA,NA,NA,NA,NA,NA,NA,NA,NA,NA,NA,NA,NA,NA,NA,NA,NA,NA,NA,NA,NA,NA,NA,NA,NA,NA,NA,NA,NA,NA,NA,NA,NA,NA,NA,NA,NA,NA,NA,"CA","petrale sole","petrale_sole",NA,NA,"675","total_catch_wt_kg ~ 0 + factor(year) + pass","delta_lognormal","TRUE","iid, iid","06_10","range","1.62972267205848","0.401766068024485","1.00524502636413","2.6421379048528"
"155",NA,NA,NA,NA,NA,NA,NA,NA,NA,NA,NA,NA,NA,NA,NA,NA,NA,NA,NA,NA,NA,NA,NA,NA,NA,NA,NA,NA,NA,NA,NA,NA,NA,NA,NA,NA,NA,NA,NA,NA,NA,NA,NA,NA,NA,NA,NA,NA,NA,NA,NA,"CA","petrale sole","petrale_sole",NA,NA,"675","total_catch_wt_kg ~ 0 + factor(year) + pass","delta_lognormal","TRUE","iid, iid","06_10","sigma_O","9.48682030520198","1.93100387498348","6.36593273821639","14.1377176297984"
"156",NA,NA,NA,NA,NA,NA,NA,NA,NA,NA,NA,NA,NA,NA,NA,NA,NA,NA,NA,NA,NA,NA,NA,NA,NA,NA,NA,NA,NA,NA,NA,NA,NA,NA,NA,NA,NA,NA,NA,NA,NA,NA,NA,NA,NA,NA,NA,NA,NA,NA,NA,"CA","petrale sole","petrale_sole",NA,NA,"675","total_catch_wt_kg ~ 0 + factor(year) + pass","delta_lognormal","TRUE","iid, iid","06_10","sigma_E","0.178163422301404","0.157957024133846","0.0313441138218199","1.01270066930562"
