"","X.25","X.24","X.23","X.22","X.21","X.20","X.19","X.18","X.17","X.16","X.15","X.14","X.13","X.12","X.11","X.10","X.9","X.8","X.7","X.6","X.5","X.4","X.3","X.2","X.1","X","srvy","common_name","file_name","filter_lat_gt","filter_lat_lt","filter_depth","model_fn","model_family","model_anisotropy","model_spatiotemporal","effort","hessian_ok","eigen_values_ok","nlminb_ok","range_ok","gradients_ok","se_magnitude_ok","se_na_ok","sigmas_ok","all_ok"
"1","1","1","1","1","1","1","1","1","1","1","1","1","1","1","1","1","1","1","1","1","1","1","1","1","1","1","CA","shortspine thornyhead","shortspine_thornyhead",NA,NA,NA,"total_catch_wt_kg ~ 0 + factor(year) + pass + depth_m + (depth_m^2)","delta_gamma","TRUE","iid, iid","01_1","FALSE","TRUE","TRUE","TRUE","TRUE","TRUE","TRUE","FALSE","FALSE"
"2","2","2","2","2","2","2","2","2","2","2","2","2","2","2","2","2","2","2","2","2","2","2","2","2","2",NA,"CA","shortspine thornyhead","shortspine_thornyhead",NA,NA,NA,"total_catch_wt_kg ~ 0 + factor(year) + pass + depth_m + (depth_m^2)","delta_gamma","TRUE","iid, iid","01_10","FALSE","TRUE","TRUE","TRUE","FALSE","TRUE","TRUE","FALSE","FALSE"
"3","3","3","3","3","3","3","3","3","3","3","3","3","3","3","3","3","3","3","3","3","3","3","3","3",NA,NA,"CA","shortspine thornyhead","shortspine_thornyhead",NA,NA,NA,"total_catch_wt_kg ~ 0 + factor(year) + pass + depth_m + (depth_m^2)","delta_gamma","TRUE","iid, iid","01_2","TRUE","TRUE","TRUE","TRUE","FALSE","FALSE","TRUE","FALSE","FALSE"
"4","4","4","4","4","4","4","4","4","4","4","4","4","4","4","4","4","4","4","4","4","4","4","4",NA,NA,NA,"CA","shortspine thornyhead","shortspine_thornyhead",NA,NA,NA,"total_catch_wt_kg ~ 0 + factor(year) + pass + depth_m + (depth_m^2)","delta_gamma","TRUE","iid, iid","01_3","FALSE","TRUE","FALSE","TRUE","FALSE","FALSE","TRUE","FALSE","FALSE"
"5","5","5","5","5","5","5","5","5","5","5","5","5","5","5","5","5","5","5","5","5","5","5",NA,NA,NA,NA,"CA","shortspine thornyhead","shortspine_thornyhead",NA,NA,NA,"total_catch_wt_kg ~ 0 + factor(year) + pass + depth_m + (depth_m^2)","delta_gamma","TRUE","iid, iid","01_4","FALSE","TRUE","TRUE","TRUE","FALSE","FALSE","TRUE","FALSE","FALSE"
"6","6","6","6","6","6","6","6","6","6","6","6","6","6","6","6","6","6","6","6","6","6",NA,NA,NA,NA,NA,"CA","shortspine thornyhead","shortspine_thornyhead",NA,NA,NA,"total_catch_wt_kg ~ 0 + factor(year) + pass + depth_m + (depth_m^2)","delta_gamma","TRUE","iid, iid","01_5","FALSE","TRUE","TRUE","TRUE","FALSE","FALSE","TRUE","FALSE","FALSE"
"7","7","7","7","7","7","7","7","7","7","7","7","7","7","7","7","7","7","7","7","7",NA,NA,NA,NA,NA,NA,"CA","shortspine thornyhead","shortspine_thornyhead",NA,NA,NA,"total_catch_wt_kg ~ 0 + factor(year) + pass + depth_m + (depth_m^2)","delta_gamma","TRUE","iid, iid","01_6","TRUE","TRUE","TRUE","TRUE","FALSE","FALSE","TRUE","FALSE","FALSE"
"8","8","8","8","8","8","8","8","8","8","8","8","8","8","8","8","8","8","8","8",NA,NA,NA,NA,NA,NA,NA,"CA","shortspine thornyhead","shortspine_thornyhead",NA,NA,NA,"total_catch_wt_kg ~ 0 + factor(year) + pass + depth_m + (depth_m^2)","delta_gamma","TRUE","iid, iid","01_7","TRUE","TRUE","TRUE","TRUE","FALSE","FALSE","TRUE","FALSE","FALSE"
"9","9","9","9","9","9","9","9","9","9","9","9","9","9","9","9","9","9","9",NA,NA,NA,NA,NA,NA,NA,NA,"CA","shortspine thornyhead","shortspine_thornyhead",NA,NA,NA,"total_catch_wt_kg ~ 0 + factor(year) + pass + depth_m + (depth_m^2)","delta_gamma","TRUE","iid, iid","01_8","TRUE","TRUE","TRUE","TRUE","FALSE","FALSE","TRUE","FALSE","FALSE"
"10","10","10","10","10","10","10","10","10","10","10","10","10","10","10","10","10","10",NA,NA,NA,NA,NA,NA,NA,NA,NA,"CA","shortspine thornyhead","shortspine_thornyhead",NA,NA,NA,"total_catch_wt_kg ~ 0 + factor(year) + pass + depth_m + (depth_m^2)","delta_gamma","TRUE","iid, iid","01_9","TRUE","TRUE","TRUE","TRUE","FALSE","TRUE","TRUE","FALSE","FALSE"
"11","11","11","11","11","11","11","11","11","11","11","11","11","11","11","11","11",NA,NA,NA,NA,NA,NA,NA,NA,NA,NA,"CA","shortspine thornyhead","shortspine_thornyhead",NA,NA,NA,"total_catch_wt_kg ~ 0 + factor(year) + pass + depth_m + (depth_m^2)","delta_gamma","TRUE","iid, iid","02_1","TRUE","TRUE","TRUE","TRUE","TRUE","FALSE","TRUE","FALSE","FALSE"
"12","12","12","12","12","12","12","12","12","12","12","12","12","12","12","12",NA,NA,NA,NA,NA,NA,NA,NA,NA,NA,NA,"CA","shortspine thornyhead","shortspine_thornyhead",NA,NA,NA,"total_catch_wt_kg ~ 0 + factor(year) + pass + depth_m + (depth_m^2)","delta_gamma","TRUE","iid, iid","02_10","TRUE","FALSE","TRUE","TRUE","TRUE","TRUE","TRUE","FALSE","FALSE"
"13","13","13","13","13","13","13","13","13","13","13","13","13","13","13",NA,NA,NA,NA,NA,NA,NA,NA,NA,NA,NA,NA,"CA","shortspine thornyhead","shortspine_thornyhead",NA,NA,NA,"total_catch_wt_kg ~ 0 + factor(year) + pass + depth_m + (depth_m^2)","delta_gamma","TRUE","iid, iid","02_2","TRUE","TRUE","TRUE","TRUE","FALSE","FALSE","TRUE","FALSE","FALSE"
"14","14","14","14","14","14","14","14","14","14","14","14","14","14",NA,NA,NA,NA,NA,NA,NA,NA,NA,NA,NA,NA,NA,"CA","shortspine thornyhead","shortspine_thornyhead",NA,NA,NA,"total_catch_wt_kg ~ 0 + factor(year) + pass + depth_m + (depth_m^2)","delta_gamma","TRUE","iid, iid","02_3","TRUE","TRUE","TRUE","TRUE","TRUE","FALSE","TRUE","FALSE","FALSE"
"15","15","15","15","15","15","15","15","15","15","15","15","15",NA,NA,NA,NA,NA,NA,NA,NA,NA,NA,NA,NA,NA,NA,"CA","shortspine thornyhead","shortspine_thornyhead",NA,NA,NA,"total_catch_wt_kg ~ 0 + factor(year) + pass + depth_m + (depth_m^2)","delta_gamma","TRUE","iid, iid","02_4","FALSE","TRUE","TRUE","TRUE","FALSE","TRUE","TRUE","FALSE","FALSE"
"16","16","16","16","16","16","16","16","16","16","16","16",NA,NA,NA,NA,NA,NA,NA,NA,NA,NA,NA,NA,NA,NA,NA,"CA","shortspine thornyhead","shortspine_thornyhead",NA,NA,NA,"total_catch_wt_kg ~ 0 + factor(year) + pass + depth_m + (depth_m^2)","delta_gamma","TRUE","iid, iid","02_5","TRUE","TRUE","TRUE","TRUE","FALSE","FALSE","TRUE","FALSE","FALSE"
"17","17","17","17","17","17","17","17","17","17","17",NA,NA,NA,NA,NA,NA,NA,NA,NA,NA,NA,NA,NA,NA,NA,NA,"CA","shortspine thornyhead","shortspine_thornyhead",NA,NA,NA,"total_catch_wt_kg ~ 0 + factor(year) + pass + depth_m + (depth_m^2)","delta_gamma","TRUE","iid, iid","02_6","TRUE","TRUE","TRUE","TRUE","TRUE","FALSE","TRUE","FALSE","FALSE"
"18","18","18","18","18","18","18","18","18","18",NA,NA,NA,NA,NA,NA,NA,NA,NA,NA,NA,NA,NA,NA,NA,NA,NA,"CA","shortspine thornyhead","shortspine_thornyhead",NA,NA,NA,"total_catch_wt_kg ~ 0 + factor(year) + pass + depth_m + (depth_m^2)","delta_gamma","TRUE","iid, iid","02_7","FALSE","TRUE","TRUE","TRUE","TRUE","FALSE","TRUE","FALSE","FALSE"
"19","19","19","19","19","19","19","19","19",NA,NA,NA,NA,NA,NA,NA,NA,NA,NA,NA,NA,NA,NA,NA,NA,NA,NA,"CA","shortspine thornyhead","shortspine_thornyhead",NA,NA,NA,"total_catch_wt_kg ~ 0 + factor(year) + pass + depth_m + (depth_m^2)","delta_gamma","TRUE","iid, iid","02_8","FALSE","TRUE","TRUE","TRUE","FALSE","TRUE","TRUE","FALSE","FALSE"
"20","20","20","20","20","20","20","20",NA,NA,NA,NA,NA,NA,NA,NA,NA,NA,NA,NA,NA,NA,NA,NA,NA,NA,NA,"CA","shortspine thornyhead","shortspine_thornyhead",NA,NA,NA,"total_catch_wt_kg ~ 0 + factor(year) + pass + depth_m + (depth_m^2)","delta_gamma","TRUE","iid, iid","02_9","TRUE","TRUE","TRUE","TRUE","FALSE","FALSE","TRUE","FALSE","FALSE"
"21","21","21","21","21","21","21",NA,NA,NA,NA,NA,NA,NA,NA,NA,NA,NA,NA,NA,NA,NA,NA,NA,NA,NA,NA,"CA","shortspine thornyhead","shortspine_thornyhead",NA,NA,NA,"total_catch_wt_kg ~ 0 + factor(year) + pass + depth_m + (depth_m^2)","delta_gamma","TRUE","iid, iid","03_1","TRUE","TRUE","TRUE","TRUE","FALSE","FALSE","TRUE","FALSE","FALSE"
"22","22","22","22","22","22",NA,NA,NA,NA,NA,NA,NA,NA,NA,NA,NA,NA,NA,NA,NA,NA,NA,NA,NA,NA,NA,"CA","shortspine thornyhead","shortspine_thornyhead",NA,NA,NA,"total_catch_wt_kg ~ 0 + factor(year) + pass + depth_m + (depth_m^2)","delta_gamma","TRUE","iid, iid","03_10","FALSE","TRUE","TRUE","TRUE","FALSE","FALSE","TRUE","FALSE","FALSE"
"23","23","23","23","23",NA,NA,NA,NA,NA,NA,NA,NA,NA,NA,NA,NA,NA,NA,NA,NA,NA,NA,NA,NA,NA,NA,"CA","shortspine thornyhead","shortspine_thornyhead",NA,NA,NA,"total_catch_wt_kg ~ 0 + factor(year) + pass + depth_m + (depth_m^2)","delta_gamma","TRUE","iid, iid","03_2","TRUE","TRUE","TRUE","TRUE","FALSE","TRUE","TRUE","FALSE","FALSE"
"24","24","24","24",NA,NA,NA,NA,NA,NA,NA,NA,NA,NA,NA,NA,NA,NA,NA,NA,NA,NA,NA,NA,NA,NA,NA,"CA","shortspine thornyhead","shortspine_thornyhead",NA,NA,NA,"total_catch_wt_kg ~ 0 + factor(year) + pass + depth_m + (depth_m^2)","delta_gamma","TRUE","iid, iid","03_3","TRUE","TRUE","TRUE","TRUE","FALSE","TRUE","TRUE","FALSE","FALSE"
"25","25","25",NA,NA,NA,NA,NA,NA,NA,NA,NA,NA,NA,NA,NA,NA,NA,NA,NA,NA,NA,NA,NA,NA,NA,NA,"CA","shortspine thornyhead","shortspine_thornyhead",NA,NA,NA,"total_catch_wt_kg ~ 0 + factor(year) + pass + depth_m + (depth_m^2)","delta_gamma","TRUE","iid, iid","03_4","TRUE","TRUE","TRUE","TRUE","FALSE","FALSE","TRUE","FALSE","FALSE"
"26","26",NA,NA,NA,NA,NA,NA,NA,NA,NA,NA,NA,NA,NA,NA,NA,NA,NA,NA,NA,NA,NA,NA,NA,NA,NA,"CA","shortspine thornyhead","shortspine_thornyhead",NA,NA,NA,"total_catch_wt_kg ~ 0 + factor(year) + pass + depth_m + (depth_m^2)","delta_gamma","TRUE","iid, iid","03_5","TRUE","TRUE","TRUE","TRUE","FALSE","FALSE","TRUE","FALSE","FALSE"
"27",NA,NA,NA,NA,NA,NA,NA,NA,NA,NA,NA,NA,NA,NA,NA,NA,NA,NA,NA,NA,NA,NA,NA,NA,NA,NA,"CA","shortspine thornyhead","shortspine_thornyhead",NA,NA,NA,"total_catch_wt_kg ~ 0 + factor(year) + pass + depth_m + (depth_m^2)","delta_gamma","TRUE","iid, iid","03_6","TRUE","TRUE","TRUE","TRUE","FALSE","FALSE","TRUE","FALSE","FALSE"
