"","X.25","X.24","X.23","X.22","X.21","X.20","X.19","X.18","X.17","X.16","X.15","X.14","X.13","X.12","X.11","X.10","X.9","X.8","X.7","X.6","X.5","X.4","X.3","X.2","X.1","X","srvy","common_name","file_name","filter_lat_gt","filter_lat_lt","filter_depth","model_fn","model_family","model_anisotropy","model_spatiotemporal","effort","term","estimate","std.error","conf.low","conf.high"
"1","1","1","1","1","1","1","1","1","1","1","1","1","1","1","1","1","1","1","1","1","1","1","1","1","1","1","CA","shortspine thornyhead","shortspine_thornyhead",NA,NA,NA,"total_catch_wt_kg ~ 0 + factor(year) + pass + depth_m + (depth_m^2)","delta_gamma","TRUE","iid, iid","01_1","range","0.51091893623865","0.112111176280027","0.332332224555546","0.785473511502958"
"2","2","2","2","2","2","2","2","2","2","2","2","2","2","2","2","2","2","2","2","2","2","2","2","2","2","2","CA","shortspine thornyhead","shortspine_thornyhead",NA,NA,NA,"total_catch_wt_kg ~ 0 + factor(year) + pass + depth_m + (depth_m^2)","delta_gamma","TRUE","iid, iid","01_1","sigma_O","4.38593663941742","0.656158447096246","3.27128415200402","5.88039415444842"
"3","3","3","3","3","3","3","3","3","3","3","3","3","3","3","3","3","3","3","3","3","3","3","3","3","3","3","CA","shortspine thornyhead","shortspine_thornyhead",NA,NA,NA,"total_catch_wt_kg ~ 0 + factor(year) + pass + depth_m + (depth_m^2)","delta_gamma","TRUE","iid, iid","01_1","sigma_E","9.62002279635826e-05","NaN","NaN","NaN"
"4","4","4","4","4","4","4","4","4","4","4","4","4","4","4","4","4","4","4","4","4","4","4","4","4","4",NA,"CA","shortspine thornyhead","shortspine_thornyhead",NA,NA,NA,"total_catch_wt_kg ~ 0 + factor(year) + pass + depth_m + (depth_m^2)","delta_gamma","TRUE","iid, iid","01_10","range","0.302147715629434","0.0891969396206006","0.169408951325571","0.538892669754135"
"5","5","5","5","5","5","5","5","5","5","5","5","5","5","5","5","5","5","5","5","5","5","5","5","5","5",NA,"CA","shortspine thornyhead","shortspine_thornyhead",NA,NA,NA,"total_catch_wt_kg ~ 0 + factor(year) + pass + depth_m + (depth_m^2)","delta_gamma","TRUE","iid, iid","01_10","sigma_O","4.71668316660934","1.00438654920114","3.10726972696964","7.15969389495913"
"6","6","6","6","6","6","6","6","6","6","6","6","6","6","6","6","6","6","6","6","6","6","6","6","6","6",NA,"CA","shortspine thornyhead","shortspine_thornyhead",NA,NA,NA,"total_catch_wt_kg ~ 0 + factor(year) + pass + depth_m + (depth_m^2)","delta_gamma","TRUE","iid, iid","01_10","sigma_E","6.02935997410702e-06","NaN","NaN","NaN"
"7","7","7","7","7","7","7","7","7","7","7","7","7","7","7","7","7","7","7","7","7","7","7","7","7",NA,NA,"CA","shortspine thornyhead","shortspine_thornyhead",NA,NA,NA,"total_catch_wt_kg ~ 0 + factor(year) + pass + depth_m + (depth_m^2)","delta_gamma","TRUE","iid, iid","01_2","range","0.540369699992781","0.171022182977806","0.290598457164216","1.00482093236056"
"8","8","8","8","8","8","8","8","8","8","8","8","8","8","8","8","8","8","8","8","8","8","8","8","8",NA,NA,"CA","shortspine thornyhead","shortspine_thornyhead",NA,NA,NA,"total_catch_wt_kg ~ 0 + factor(year) + pass + depth_m + (depth_m^2)","delta_gamma","TRUE","iid, iid","01_2","sigma_O","3.83281776824429","0.745038208401643","2.61853428050599","5.61019657215656"
"9","9","9","9","9","9","9","9","9","9","9","9","9","9","9","9","9","9","9","9","9","9","9","9","9",NA,NA,"CA","shortspine thornyhead","shortspine_thornyhead",NA,NA,NA,"total_catch_wt_kg ~ 0 + factor(year) + pass + depth_m + (depth_m^2)","delta_gamma","TRUE","iid, iid","01_2","sigma_E","0.0010896632657544","0.244492494383842","1.12071076388192e-194","1.0594758888741e+188"
"10","10","10","10","10","10","10","10","10","10","10","10","10","10","10","10","10","10","10","10","10","10","10","10",NA,NA,NA,"CA","shortspine thornyhead","shortspine_thornyhead",NA,NA,NA,"total_catch_wt_kg ~ 0 + factor(year) + pass + depth_m + (depth_m^2)","delta_gamma","TRUE","iid, iid","01_3","range","0.561461012237008","0.135783713940384","0.349514380579003","0.901932755213058"
"11","11","11","11","11","11","11","11","11","11","11","11","11","11","11","11","11","11","11","11","11","11","11","11",NA,NA,NA,"CA","shortspine thornyhead","shortspine_thornyhead",NA,NA,NA,"total_catch_wt_kg ~ 0 + factor(year) + pass + depth_m + (depth_m^2)","delta_gamma","TRUE","iid, iid","01_3","sigma_O","5.51677310235877","0.872698192535275","4.04607168092399","7.52205790282955"
"12","12","12","12","12","12","12","12","12","12","12","12","12","12","12","12","12","12","12","12","12","12","12","12",NA,NA,NA,"CA","shortspine thornyhead","shortspine_thornyhead",NA,NA,NA,"total_catch_wt_kg ~ 0 + factor(year) + pass + depth_m + (depth_m^2)","delta_gamma","TRUE","iid, iid","01_3","sigma_E","1.45687965729362e-13","NaN","NaN","NaN"
"13","13","13","13","13","13","13","13","13","13","13","13","13","13","13","13","13","13","13","13","13","13","13",NA,NA,NA,NA,"CA","shortspine thornyhead","shortspine_thornyhead",NA,NA,NA,"total_catch_wt_kg ~ 0 + factor(year) + pass + depth_m + (depth_m^2)","delta_gamma","TRUE","iid, iid","01_4","range","0.568612500880548","0.138789555977063","0.352412426250244","0.917448285231705"
"14","14","14","14","14","14","14","14","14","14","14","14","14","14","14","14","14","14","14","14","14","14","14",NA,NA,NA,NA,"CA","shortspine thornyhead","shortspine_thornyhead",NA,NA,NA,"total_catch_wt_kg ~ 0 + factor(year) + pass + depth_m + (depth_m^2)","delta_gamma","TRUE","iid, iid","01_4","sigma_O","4.09876164860084","0.648535560447382","3.00586471917893","5.58902300055276"
"15","15","15","15","15","15","15","15","15","15","15","15","15","15","15","15","15","15","15","15","15","15","15",NA,NA,NA,NA,"CA","shortspine thornyhead","shortspine_thornyhead",NA,NA,NA,"total_catch_wt_kg ~ 0 + factor(year) + pass + depth_m + (depth_m^2)","delta_gamma","TRUE","iid, iid","01_4","sigma_E","1.77733841589489e-07","NaN","NaN","NaN"
"16","16","16","16","16","16","16","16","16","16","16","16","16","16","16","16","16","16","16","16","16","16",NA,NA,NA,NA,NA,"CA","shortspine thornyhead","shortspine_thornyhead",NA,NA,NA,"total_catch_wt_kg ~ 0 + factor(year) + pass + depth_m + (depth_m^2)","delta_gamma","TRUE","iid, iid","01_5","range","0.669871290720328","0.133626667837244","0.453098618037461","0.990352934809039"
"17","17","17","17","17","17","17","17","17","17","17","17","17","17","17","17","17","17","17","17","17","17",NA,NA,NA,NA,NA,"CA","shortspine thornyhead","shortspine_thornyhead",NA,NA,NA,"total_catch_wt_kg ~ 0 + factor(year) + pass + depth_m + (depth_m^2)","delta_gamma","TRUE","iid, iid","01_5","sigma_O","3.95801315951654","0.584586755023276","2.96317500130492","5.28685216499435"
"18","18","18","18","18","18","18","18","18","18","18","18","18","18","18","18","18","18","18","18","18","18",NA,NA,NA,NA,NA,"CA","shortspine thornyhead","shortspine_thornyhead",NA,NA,NA,"total_catch_wt_kg ~ 0 + factor(year) + pass + depth_m + (depth_m^2)","delta_gamma","TRUE","iid, iid","01_5","sigma_E","0.000219892643849645","0.225008542648083","0","Inf"
"19","19","19","19","19","19","19","19","19","19","19","19","19","19","19","19","19","19","19","19","19",NA,NA,NA,NA,NA,NA,"CA","shortspine thornyhead","shortspine_thornyhead",NA,NA,NA,"total_catch_wt_kg ~ 0 + factor(year) + pass + depth_m + (depth_m^2)","delta_gamma","TRUE","iid, iid","01_6","range","0.378982543678908","0.0852501197912846","0.243863003788061","0.588969077647224"
"20","20","20","20","20","20","20","20","20","20","20","20","20","20","20","20","20","20","20","20","20",NA,NA,NA,NA,NA,NA,"CA","shortspine thornyhead","shortspine_thornyhead",NA,NA,NA,"total_catch_wt_kg ~ 0 + factor(year) + pass + depth_m + (depth_m^2)","delta_gamma","TRUE","iid, iid","01_6","sigma_O","3.58868268378063","0.578652585666346","2.61627954873084","4.922502800251"
"21","21","21","21","21","21","21","21","21","21","21","21","21","21","21","21","21","21","21","21","21",NA,NA,NA,NA,NA,NA,"CA","shortspine thornyhead","shortspine_thornyhead",NA,NA,NA,"total_catch_wt_kg ~ 0 + factor(year) + pass + depth_m + (depth_m^2)","delta_gamma","TRUE","iid, iid","01_6","sigma_E","0.000384639643522633","0.20883702077503","0","Inf"
"22","22","22","22","22","22","22","22","22","22","22","22","22","22","22","22","22","22","22","22",NA,NA,NA,NA,NA,NA,NA,"CA","shortspine thornyhead","shortspine_thornyhead",NA,NA,NA,"total_catch_wt_kg ~ 0 + factor(year) + pass + depth_m + (depth_m^2)","delta_gamma","TRUE","iid, iid","01_7","range","0.430879438779888","0.122636838527354","0.246653294257236","0.75270468745351"
"23","23","23","23","23","23","23","23","23","23","23","23","23","23","23","23","23","23","23","23",NA,NA,NA,NA,NA,NA,NA,"CA","shortspine thornyhead","shortspine_thornyhead",NA,NA,NA,"total_catch_wt_kg ~ 0 + factor(year) + pass + depth_m + (depth_m^2)","delta_gamma","TRUE","iid, iid","01_7","sigma_O","3.98266092157235","0.663108767074353","2.87375135969532","5.51947125234286"
"24","24","24","24","24","24","24","24","24","24","24","24","24","24","24","24","24","24","24","24",NA,NA,NA,NA,NA,NA,NA,"CA","shortspine thornyhead","shortspine_thornyhead",NA,NA,NA,"total_catch_wt_kg ~ 0 + factor(year) + pass + depth_m + (depth_m^2)","delta_gamma","TRUE","iid, iid","01_7","sigma_E","0.000156462627987526","0.225246472720083","0","Inf"
"25","25","25","25","25","25","25","25","25","25","25","25","25","25","25","25","25","25","25",NA,NA,NA,NA,NA,NA,NA,NA,"CA","shortspine thornyhead","shortspine_thornyhead",NA,NA,NA,"total_catch_wt_kg ~ 0 + factor(year) + pass + depth_m + (depth_m^2)","delta_gamma","TRUE","iid, iid","01_8","range","0.427679950431697","0.0873011769713249","0.286658861497502","0.638076001019954"
"26","26","26","26","26","26","26","26","26","26","26","26","26","26","26","26","26","26","26",NA,NA,NA,NA,NA,NA,NA,NA,"CA","shortspine thornyhead","shortspine_thornyhead",NA,NA,NA,"total_catch_wt_kg ~ 0 + factor(year) + pass + depth_m + (depth_m^2)","delta_gamma","TRUE","iid, iid","01_8","sigma_O","5.78147851711786","1.01309805012045","4.10092154537315","8.150727458224"
"27","27","27","27","27","27","27","27","27","27","27","27","27","27","27","27","27","27","27",NA,NA,NA,NA,NA,NA,NA,NA,"CA","shortspine thornyhead","shortspine_thornyhead",NA,NA,NA,"total_catch_wt_kg ~ 0 + factor(year) + pass + depth_m + (depth_m^2)","delta_gamma","TRUE","iid, iid","01_8","sigma_E","0.000181386589069038","0.302174297653391","0","Inf"
"28","28","28","28","28","28","28","28","28","28","28","28","28","28","28","28","28","28",NA,NA,NA,NA,NA,NA,NA,NA,NA,"CA","shortspine thornyhead","shortspine_thornyhead",NA,NA,NA,"total_catch_wt_kg ~ 0 + factor(year) + pass + depth_m + (depth_m^2)","delta_gamma","TRUE","iid, iid","01_9","range","0.56370488617317","0.129073068217546","0.359873465173794","0.882985908788938"
"29","29","29","29","29","29","29","29","29","29","29","29","29","29","29","29","29","29",NA,NA,NA,NA,NA,NA,NA,NA,NA,"CA","shortspine thornyhead","shortspine_thornyhead",NA,NA,NA,"total_catch_wt_kg ~ 0 + factor(year) + pass + depth_m + (depth_m^2)","delta_gamma","TRUE","iid, iid","01_9","sigma_O","3.17445910645749","0.414588672998984","2.45754601685566","4.10050943073054"
"30","30","30","30","30","30","30","30","30","30","30","30","30","30","30","30","30","30",NA,NA,NA,NA,NA,NA,NA,NA,NA,"CA","shortspine thornyhead","shortspine_thornyhead",NA,NA,NA,"total_catch_wt_kg ~ 0 + factor(year) + pass + depth_m + (depth_m^2)","delta_gamma","TRUE","iid, iid","01_9","sigma_E","0.00211131604135763","0.209544812849581","6.98445031228395e-88","6.38225662319342e+81"
"31","31","31","31","31","31","31","31","31","31","31","31","31","31","31","31","31",NA,NA,NA,NA,NA,NA,NA,NA,NA,NA,"CA","shortspine thornyhead","shortspine_thornyhead",NA,NA,NA,"total_catch_wt_kg ~ 0 + factor(year) + pass + depth_m + (depth_m^2)","delta_gamma","TRUE","iid, iid","02_1","range","0.422962715083639","0.0807207111502627","0.290973701142854","0.614823462217616"
"32","32","32","32","32","32","32","32","32","32","32","32","32","32","32","32","32",NA,NA,NA,NA,NA,NA,NA,NA,NA,NA,"CA","shortspine thornyhead","shortspine_thornyhead",NA,NA,NA,"total_catch_wt_kg ~ 0 + factor(year) + pass + depth_m + (depth_m^2)","delta_gamma","TRUE","iid, iid","02_1","sigma_O","4.60772114959281","0.505339052754883","3.71649041688072","5.71267292819345"
"33","33","33","33","33","33","33","33","33","33","33","33","33","33","33","33","33",NA,NA,NA,NA,NA,NA,NA,NA,NA,NA,"CA","shortspine thornyhead","shortspine_thornyhead",NA,NA,NA,"total_catch_wt_kg ~ 0 + factor(year) + pass + depth_m + (depth_m^2)","delta_gamma","TRUE","iid, iid","02_1","sigma_E","0.000185494654564013","0.192238075253718","0","Inf"
"34","34","34","34","34","34","34","34","34","34","34","34","34","34","34","34",NA,NA,NA,NA,NA,NA,NA,NA,NA,NA,NA,"CA","shortspine thornyhead","shortspine_thornyhead",NA,NA,NA,"total_catch_wt_kg ~ 0 + factor(year) + pass + depth_m + (depth_m^2)","delta_gamma","TRUE","iid, iid","02_10","range","0.489737504816098","NaN","NaN","NaN"
"35","35","35","35","35","35","35","35","35","35","35","35","35","35","35","35",NA,NA,NA,NA,NA,NA,NA,NA,NA,NA,NA,"CA","shortspine thornyhead","shortspine_thornyhead",NA,NA,NA,"total_catch_wt_kg ~ 0 + factor(year) + pass + depth_m + (depth_m^2)","delta_gamma","TRUE","iid, iid","02_10","sigma_O","4.22356417282097","NaN","NaN","NaN"
"36","36","36","36","36","36","36","36","36","36","36","36","36","36","36","36",NA,NA,NA,NA,NA,NA,NA,NA,NA,NA,NA,"CA","shortspine thornyhead","shortspine_thornyhead",NA,NA,NA,"total_catch_wt_kg ~ 0 + factor(year) + pass + depth_m + (depth_m^2)","delta_gamma","TRUE","iid, iid","02_10","sigma_E","0.000195191807725726","NaN","NaN","NaN"
"37","37","37","37","37","37","37","37","37","37","37","37","37","37","37",NA,NA,NA,NA,NA,NA,NA,NA,NA,NA,NA,NA,"CA","shortspine thornyhead","shortspine_thornyhead",NA,NA,NA,"total_catch_wt_kg ~ 0 + factor(year) + pass + depth_m + (depth_m^2)","delta_gamma","TRUE","iid, iid","02_2","range","0.501979571791976","0.104907349225656","0.333269631970494","0.756094964328358"
"38","38","38","38","38","38","38","38","38","38","38","38","38","38","38",NA,NA,NA,NA,NA,NA,NA,NA,NA,NA,NA,NA,"CA","shortspine thornyhead","shortspine_thornyhead",NA,NA,NA,"total_catch_wt_kg ~ 0 + factor(year) + pass + depth_m + (depth_m^2)","delta_gamma","TRUE","iid, iid","02_2","sigma_O","4.57656356274387","0.546431369668857","3.62166231135984","5.78323770776148"
"39","39","39","39","39","39","39","39","39","39","39","39","39","39","39",NA,NA,NA,NA,NA,NA,NA,NA,NA,NA,NA,NA,"CA","shortspine thornyhead","shortspine_thornyhead",NA,NA,NA,"total_catch_wt_kg ~ 0 + factor(year) + pass + depth_m + (depth_m^2)","delta_gamma","TRUE","iid, iid","02_2","sigma_E","0.000228212381638783","0.1737602469675","0","Inf"
"40","40","40","40","40","40","40","40","40","40","40","40","40","40",NA,NA,NA,NA,NA,NA,NA,NA,NA,NA,NA,NA,NA,"CA","shortspine thornyhead","shortspine_thornyhead",NA,NA,NA,"total_catch_wt_kg ~ 0 + factor(year) + pass + depth_m + (depth_m^2)","delta_gamma","TRUE","iid, iid","02_3","range","0.601228284866551","0.116759291971266","0.410898910287178","0.879718688645193"
"41","41","41","41","41","41","41","41","41","41","41","41","41","41",NA,NA,NA,NA,NA,NA,NA,NA,NA,NA,NA,NA,NA,"CA","shortspine thornyhead","shortspine_thornyhead",NA,NA,NA,"total_catch_wt_kg ~ 0 + factor(year) + pass + depth_m + (depth_m^2)","delta_gamma","TRUE","iid, iid","02_3","sigma_O","4.83258090609982","0.562124491261145","3.84740232043512","6.07002758457539"
"42","42","42","42","42","42","42","42","42","42","42","42","42","42",NA,NA,NA,NA,NA,NA,NA,NA,NA,NA,NA,NA,NA,"CA","shortspine thornyhead","shortspine_thornyhead",NA,NA,NA,"total_catch_wt_kg ~ 0 + factor(year) + pass + depth_m + (depth_m^2)","delta_gamma","TRUE","iid, iid","02_3","sigma_E","0.000164315477583062","0.165570343379708","0","Inf"
"43","43","43","43","43","43","43","43","43","43","43","43","43",NA,NA,NA,NA,NA,NA,NA,NA,NA,NA,NA,NA,NA,NA,"CA","shortspine thornyhead","shortspine_thornyhead",NA,NA,NA,"total_catch_wt_kg ~ 0 + factor(year) + pass + depth_m + (depth_m^2)","delta_gamma","TRUE","iid, iid","02_4","range","0.48463245915094","0.084745280000005","0.344006854855395","0.682744012648864"
"44","44","44","44","44","44","44","44","44","44","44","44","44",NA,NA,NA,NA,NA,NA,NA,NA,NA,NA,NA,NA,NA,NA,"CA","shortspine thornyhead","shortspine_thornyhead",NA,NA,NA,"total_catch_wt_kg ~ 0 + factor(year) + pass + depth_m + (depth_m^2)","delta_gamma","TRUE","iid, iid","02_4","sigma_O","4.61980404392375","0.505713674902517","3.72773919617173","5.72534404396434"
"45","45","45","45","45","45","45","45","45","45","45","45","45",NA,NA,NA,NA,NA,NA,NA,NA,NA,NA,NA,NA,NA,NA,"CA","shortspine thornyhead","shortspine_thornyhead",NA,NA,NA,"total_catch_wt_kg ~ 0 + factor(year) + pass + depth_m + (depth_m^2)","delta_gamma","TRUE","iid, iid","02_4","sigma_E","0.00261561571531658","0.168362354394732","4.23937828673929e-58","1.61378511363588e+52"
"46","46","46","46","46","46","46","46","46","46","46","46",NA,NA,NA,NA,NA,NA,NA,NA,NA,NA,NA,NA,NA,NA,NA,"CA","shortspine thornyhead","shortspine_thornyhead",NA,NA,NA,"total_catch_wt_kg ~ 0 + factor(year) + pass + depth_m + (depth_m^2)","delta_gamma","TRUE","iid, iid","02_5","range","0.491667544030223","0.0790673760598146","0.358744958718424","0.673840755048627"
"47","47","47","47","47","47","47","47","47","47","47","47",NA,NA,NA,NA,NA,NA,NA,NA,NA,NA,NA,NA,NA,NA,NA,"CA","shortspine thornyhead","shortspine_thornyhead",NA,NA,NA,"total_catch_wt_kg ~ 0 + factor(year) + pass + depth_m + (depth_m^2)","delta_gamma","TRUE","iid, iid","02_5","sigma_O","3.92861720614827","0.386744515381566","3.2392536464358","4.76468805381343"
"48","48","48","48","48","48","48","48","48","48","48","48",NA,NA,NA,NA,NA,NA,NA,NA,NA,NA,NA,NA,NA,NA,NA,"CA","shortspine thornyhead","shortspine_thornyhead",NA,NA,NA,"total_catch_wt_kg ~ 0 + factor(year) + pass + depth_m + (depth_m^2)","delta_gamma","TRUE","iid, iid","02_5","sigma_E","0.000155710646022412","0.200375862562262","0","Inf"
"49","49","49","49","49","49","49","49","49","49","49",NA,NA,NA,NA,NA,NA,NA,NA,NA,NA,NA,NA,NA,NA,NA,NA,"CA","shortspine thornyhead","shortspine_thornyhead",NA,NA,NA,"total_catch_wt_kg ~ 0 + factor(year) + pass + depth_m + (depth_m^2)","delta_gamma","TRUE","iid, iid","02_6","range","0.492238531013999","0.0868329431126942","0.348353421705837","0.695554446482302"
"50","50","50","50","50","50","50","50","50","50","50",NA,NA,NA,NA,NA,NA,NA,NA,NA,NA,NA,NA,NA,NA,NA,NA,"CA","shortspine thornyhead","shortspine_thornyhead",NA,NA,NA,"total_catch_wt_kg ~ 0 + factor(year) + pass + depth_m + (depth_m^2)","delta_gamma","TRUE","iid, iid","02_6","sigma_O","4.67292162621505","0.481637933477989","3.81816921787448","5.71902272495513"
"51","51","51","51","51","51","51","51","51","51","51",NA,NA,NA,NA,NA,NA,NA,NA,NA,NA,NA,NA,NA,NA,NA,NA,"CA","shortspine thornyhead","shortspine_thornyhead",NA,NA,NA,"total_catch_wt_kg ~ 0 + factor(year) + pass + depth_m + (depth_m^2)","delta_gamma","TRUE","iid, iid","02_6","sigma_E","4.8310370508509e-05","0.144135636646985","0","Inf"
"52","52","52","52","52","52","52","52","52","52",NA,NA,NA,NA,NA,NA,NA,NA,NA,NA,NA,NA,NA,NA,NA,NA,NA,"CA","shortspine thornyhead","shortspine_thornyhead",NA,NA,NA,"total_catch_wt_kg ~ 0 + factor(year) + pass + depth_m + (depth_m^2)","delta_gamma","TRUE","iid, iid","02_7","range","0.479747682810109","0.0908486166706046","0.330996180449043","0.695348927741181"
"53","53","53","53","53","53","53","53","53","53",NA,NA,NA,NA,NA,NA,NA,NA,NA,NA,NA,NA,NA,NA,NA,NA,NA,"CA","shortspine thornyhead","shortspine_thornyhead",NA,NA,NA,"total_catch_wt_kg ~ 0 + factor(year) + pass + depth_m + (depth_m^2)","delta_gamma","TRUE","iid, iid","02_7","sigma_O","4.81207620498328","0.526711806517381","3.88296225629557","5.96350823782089"
"54","54","54","54","54","54","54","54","54","54",NA,NA,NA,NA,NA,NA,NA,NA,NA,NA,NA,NA,NA,NA,NA,NA,NA,"CA","shortspine thornyhead","shortspine_thornyhead",NA,NA,NA,"total_catch_wt_kg ~ 0 + factor(year) + pass + depth_m + (depth_m^2)","delta_gamma","TRUE","iid, iid","02_7","sigma_E","0.000171414157649791","0.176725998236496","0","Inf"
"55","55","55","55","55","55","55","55","55",NA,NA,NA,NA,NA,NA,NA,NA,NA,NA,NA,NA,NA,NA,NA,NA,NA,NA,"CA","shortspine thornyhead","shortspine_thornyhead",NA,NA,NA,"total_catch_wt_kg ~ 0 + factor(year) + pass + depth_m + (depth_m^2)","delta_gamma","TRUE","iid, iid","02_8","range","0.56222103894972","NaN","NaN","NaN"
"56","56","56","56","56","56","56","56","56",NA,NA,NA,NA,NA,NA,NA,NA,NA,NA,NA,NA,NA,NA,NA,NA,NA,NA,"CA","shortspine thornyhead","shortspine_thornyhead",NA,NA,NA,"total_catch_wt_kg ~ 0 + factor(year) + pass + depth_m + (depth_m^2)","delta_gamma","TRUE","iid, iid","02_8","sigma_O","5.30844108621796","NaN","NaN","NaN"
"57","57","57","57","57","57","57","57","57",NA,NA,NA,NA,NA,NA,NA,NA,NA,NA,NA,NA,NA,NA,NA,NA,NA,NA,"CA","shortspine thornyhead","shortspine_thornyhead",NA,NA,NA,"total_catch_wt_kg ~ 0 + factor(year) + pass + depth_m + (depth_m^2)","delta_gamma","TRUE","iid, iid","02_8","sigma_E","0.000174518996317901","NaN","NaN","NaN"
"58","58","58","58","58","58","58","58",NA,NA,NA,NA,NA,NA,NA,NA,NA,NA,NA,NA,NA,NA,NA,NA,NA,NA,NA,"CA","shortspine thornyhead","shortspine_thornyhead",NA,NA,NA,"total_catch_wt_kg ~ 0 + factor(year) + pass + depth_m + (depth_m^2)","delta_gamma","TRUE","iid, iid","02_9","range","0.478382768820786","0.0866959040662307","0.335362711704819","0.682395703270887"
"59","59","59","59","59","59","59","59",NA,NA,NA,NA,NA,NA,NA,NA,NA,NA,NA,NA,NA,NA,NA,NA,NA,NA,NA,"CA","shortspine thornyhead","shortspine_thornyhead",NA,NA,NA,"total_catch_wt_kg ~ 0 + factor(year) + pass + depth_m + (depth_m^2)","delta_gamma","TRUE","iid, iid","02_9","sigma_O","4.05146675559892","0.412294676376316","3.31887083612167","4.94577333142154"
"60","60","60","60","60","60","60","60",NA,NA,NA,NA,NA,NA,NA,NA,NA,NA,NA,NA,NA,NA,NA,NA,NA,NA,NA,"CA","shortspine thornyhead","shortspine_thornyhead",NA,NA,NA,"total_catch_wt_kg ~ 0 + factor(year) + pass + depth_m + (depth_m^2)","delta_gamma","TRUE","iid, iid","02_9","sigma_E","0.000152839965116427","0.179295340403217","0","Inf"
"61","61","61","61","61","61","61",NA,NA,NA,NA,NA,NA,NA,NA,NA,NA,NA,NA,NA,NA,NA,NA,NA,NA,NA,NA,"CA","shortspine thornyhead","shortspine_thornyhead",NA,NA,NA,"total_catch_wt_kg ~ 0 + factor(year) + pass + depth_m + (depth_m^2)","delta_gamma","TRUE","iid, iid","03_1","range","0.449264607817939","0.0813813929756084","0.315001429358749","0.640754831648515"
"62","62","62","62","62","62","62",NA,NA,NA,NA,NA,NA,NA,NA,NA,NA,NA,NA,NA,NA,NA,NA,NA,NA,NA,NA,"CA","shortspine thornyhead","shortspine_thornyhead",NA,NA,NA,"total_catch_wt_kg ~ 0 + factor(year) + pass + depth_m + (depth_m^2)","delta_gamma","TRUE","iid, iid","03_1","sigma_O","4.86046908191175","0.455799776187763","4.04440960918686","5.84118869724716"
"63","63","63","63","63","63","63",NA,NA,NA,NA,NA,NA,NA,NA,NA,NA,NA,NA,NA,NA,NA,NA,NA,NA,NA,NA,"CA","shortspine thornyhead","shortspine_thornyhead",NA,NA,NA,"total_catch_wt_kg ~ 0 + factor(year) + pass + depth_m + (depth_m^2)","delta_gamma","TRUE","iid, iid","03_1","sigma_E","4.59895100864707e-05","0.139919182365379","0","Inf"
"64","64","64","64","64","64",NA,NA,NA,NA,NA,NA,NA,NA,NA,NA,NA,NA,NA,NA,NA,NA,NA,NA,NA,NA,NA,"CA","shortspine thornyhead","shortspine_thornyhead",NA,NA,NA,"total_catch_wt_kg ~ 0 + factor(year) + pass + depth_m + (depth_m^2)","delta_gamma","TRUE","iid, iid","03_10","range","0.553779889054874","0.0923337349507764","0.399404773370632","0.767822985523132"
"65","65","65","65","65","65",NA,NA,NA,NA,NA,NA,NA,NA,NA,NA,NA,NA,NA,NA,NA,NA,NA,NA,NA,NA,NA,"CA","shortspine thornyhead","shortspine_thornyhead",NA,NA,NA,"total_catch_wt_kg ~ 0 + factor(year) + pass + depth_m + (depth_m^2)","delta_gamma","TRUE","iid, iid","03_10","sigma_O","4.68600125924436","0.441337295190506","3.89613932062374","5.63599142499975"
"66","66","66","66","66","66",NA,NA,NA,NA,NA,NA,NA,NA,NA,NA,NA,NA,NA,NA,NA,NA,NA,NA,NA,NA,NA,"CA","shortspine thornyhead","shortspine_thornyhead",NA,NA,NA,"total_catch_wt_kg ~ 0 + factor(year) + pass + depth_m + (depth_m^2)","delta_gamma","TRUE","iid, iid","03_10","sigma_E","0.001247202027016","0.194172813099491","3.75964298924337e-136","4.13739522780039e+129"
"67","67","67","67","67",NA,NA,NA,NA,NA,NA,NA,NA,NA,NA,NA,NA,NA,NA,NA,NA,NA,NA,NA,NA,NA,NA,"CA","shortspine thornyhead","shortspine_thornyhead",NA,NA,NA,"total_catch_wt_kg ~ 0 + factor(year) + pass + depth_m + (depth_m^2)","delta_gamma","TRUE","iid, iid","03_2","range","0.356193406675063","0.0597493914749618","0.256390377735533","0.494845961378697"
"68","68","68","68","68",NA,NA,NA,NA,NA,NA,NA,NA,NA,NA,NA,NA,NA,NA,NA,NA,NA,NA,NA,NA,NA,NA,"CA","shortspine thornyhead","shortspine_thornyhead",NA,NA,NA,"total_catch_wt_kg ~ 0 + factor(year) + pass + depth_m + (depth_m^2)","delta_gamma","TRUE","iid, iid","03_2","sigma_O","5.0906594006923","0.500863955519809","4.19783465032163","6.17337634579566"
"69","69","69","69","69",NA,NA,NA,NA,NA,NA,NA,NA,NA,NA,NA,NA,NA,NA,NA,NA,NA,NA,NA,NA,NA,NA,"CA","shortspine thornyhead","shortspine_thornyhead",NA,NA,NA,"total_catch_wt_kg ~ 0 + factor(year) + pass + depth_m + (depth_m^2)","delta_gamma","TRUE","iid, iid","03_2","sigma_E","0.00205410240791993","0.176851517758226","1.06400938775843e-76","3.96550702537648e+70"
"70","70","70","70",NA,NA,NA,NA,NA,NA,NA,NA,NA,NA,NA,NA,NA,NA,NA,NA,NA,NA,NA,NA,NA,NA,NA,"CA","shortspine thornyhead","shortspine_thornyhead",NA,NA,NA,"total_catch_wt_kg ~ 0 + factor(year) + pass + depth_m + (depth_m^2)","delta_gamma","TRUE","iid, iid","03_3","range","0.574609776046702","0.110890834594751","0.393644534499708","0.838767887754546"
"71","71","71","71",NA,NA,NA,NA,NA,NA,NA,NA,NA,NA,NA,NA,NA,NA,NA,NA,NA,NA,NA,NA,NA,NA,NA,"CA","shortspine thornyhead","shortspine_thornyhead",NA,NA,NA,"total_catch_wt_kg ~ 0 + factor(year) + pass + depth_m + (depth_m^2)","delta_gamma","TRUE","iid, iid","03_3","sigma_O","5.33770817135014","0.584219410940197","4.30714666682033","6.61484985918325"
"72","72","72","72",NA,NA,NA,NA,NA,NA,NA,NA,NA,NA,NA,NA,NA,NA,NA,NA,NA,NA,NA,NA,NA,NA,NA,"CA","shortspine thornyhead","shortspine_thornyhead",NA,NA,NA,"total_catch_wt_kg ~ 0 + factor(year) + pass + depth_m + (depth_m^2)","delta_gamma","TRUE","iid, iid","03_3","sigma_E","0.00146125211767982","0.145272695254745","3.47675945114624e-88","6.14151706906218e+81"
"73","73","73",NA,NA,NA,NA,NA,NA,NA,NA,NA,NA,NA,NA,NA,NA,NA,NA,NA,NA,NA,NA,NA,NA,NA,NA,"CA","shortspine thornyhead","shortspine_thornyhead",NA,NA,NA,"total_catch_wt_kg ~ 0 + factor(year) + pass + depth_m + (depth_m^2)","delta_gamma","TRUE","iid, iid","03_4","range","0.520567435386216","0.0801218404359791","0.385005054505278","0.703862070415669"
"74","74","74",NA,NA,NA,NA,NA,NA,NA,NA,NA,NA,NA,NA,NA,NA,NA,NA,NA,NA,NA,NA,NA,NA,NA,NA,"CA","shortspine thornyhead","shortspine_thornyhead",NA,NA,NA,"total_catch_wt_kg ~ 0 + factor(year) + pass + depth_m + (depth_m^2)","delta_gamma","TRUE","iid, iid","03_4","sigma_O","4.39785586695051","0.398960270116416","3.68148084793326","5.25362945656199"
"75","75","75",NA,NA,NA,NA,NA,NA,NA,NA,NA,NA,NA,NA,NA,NA,NA,NA,NA,NA,NA,NA,NA,NA,NA,NA,"CA","shortspine thornyhead","shortspine_thornyhead",NA,NA,NA,"total_catch_wt_kg ~ 0 + factor(year) + pass + depth_m + (depth_m^2)","delta_gamma","TRUE","iid, iid","03_4","sigma_E","0.000179733110391915","0.143081863233993","0","Inf"
"76","76",NA,NA,NA,NA,NA,NA,NA,NA,NA,NA,NA,NA,NA,NA,NA,NA,NA,NA,NA,NA,NA,NA,NA,NA,NA,"CA","shortspine thornyhead","shortspine_thornyhead",NA,NA,NA,"total_catch_wt_kg ~ 0 + factor(year) + pass + depth_m + (depth_m^2)","delta_gamma","TRUE","iid, iid","03_5","range","0.52478621810231","0.0943339291559201","0.368954739929876","0.746434575586341"
"77","77",NA,NA,NA,NA,NA,NA,NA,NA,NA,NA,NA,NA,NA,NA,NA,NA,NA,NA,NA,NA,NA,NA,NA,NA,NA,"CA","shortspine thornyhead","shortspine_thornyhead",NA,NA,NA,"total_catch_wt_kg ~ 0 + factor(year) + pass + depth_m + (depth_m^2)","delta_gamma","TRUE","iid, iid","03_5","sigma_O","4.06760535032256","0.385253870661341","3.37846338547678","4.89731910580933"
"78","78",NA,NA,NA,NA,NA,NA,NA,NA,NA,NA,NA,NA,NA,NA,NA,NA,NA,NA,NA,NA,NA,NA,NA,NA,NA,"CA","shortspine thornyhead","shortspine_thornyhead",NA,NA,NA,"total_catch_wt_kg ~ 0 + factor(year) + pass + depth_m + (depth_m^2)","delta_gamma","TRUE","iid, iid","03_5","sigma_E","0.000144098411500263","0.142319313585178","0","Inf"
"79",NA,NA,NA,NA,NA,NA,NA,NA,NA,NA,NA,NA,NA,NA,NA,NA,NA,NA,NA,NA,NA,NA,NA,NA,NA,NA,"CA","shortspine thornyhead","shortspine_thornyhead",NA,NA,NA,"total_catch_wt_kg ~ 0 + factor(year) + pass + depth_m + (depth_m^2)","delta_gamma","TRUE","iid, iid","03_6","range","0.44370946727226","0.0763495065901899","0.316688025810992","0.62167835630304"
"80",NA,NA,NA,NA,NA,NA,NA,NA,NA,NA,NA,NA,NA,NA,NA,NA,NA,NA,NA,NA,NA,NA,NA,NA,NA,NA,"CA","shortspine thornyhead","shortspine_thornyhead",NA,NA,NA,"total_catch_wt_kg ~ 0 + factor(year) + pass + depth_m + (depth_m^2)","delta_gamma","TRUE","iid, iid","03_6","sigma_O","4.72167860314818","0.436531471697073","3.93913282079593","5.65968446499923"
"81",NA,NA,NA,NA,NA,NA,NA,NA,NA,NA,NA,NA,NA,NA,NA,NA,NA,NA,NA,NA,NA,NA,NA,NA,NA,NA,"CA","shortspine thornyhead","shortspine_thornyhead",NA,NA,NA,"total_catch_wt_kg ~ 0 + factor(year) + pass + depth_m + (depth_m^2)","delta_gamma","TRUE","iid, iid","03_6","sigma_E","0.000156737930669448","0.127065194377143","0","Inf"
