"","X.60","X.59","X.58","X.57","X.56","X.55","X.54","X.53","X.52","X.51","X.50","X.49","X.48","X.47","X.46","X.45","X.44","X.43","X.42","X.41","X.40","X.39","X.38","X.37","X.36","X.35","X.34","X.33","X.32","X.31","X.30","X.29","X.28","X.27","X.26","X.25","X.24","X.23","X.22","X.21","X.20","X.19","X.18","X.17","X.16","X.15","X.14","X.13","X.12","X.11","X.10","X.9","X.8","X.7","X.6","X.5","X.4","X.3","X.2","X.1","X","srvy","common_name","file_name","filter_lat_gt","filter_lat_lt","filter_depth","model_fn","model_family","model_anisotropy","model_spatiotemporal","effort","hessian_ok","eigen_values_ok","nlminb_ok","range_ok","gradients_ok","se_magnitude_ok","se_na_ok","sigmas_ok","all_ok"
"1","1","1","1","1","1","1","1","1","1","1","1","1","1","1","1","1","1","1","1","1","1","1","1","1","1","1","1","1","1","1","1","1","1","1","1","1","1","1","1","1","1","1","1","1","1","1","1","1","1","1","1","1","1","1","1","1","1","1","1","1","1","CA","rex sole","rex_sole",NA,NA,"700","total_catch_wt_kg ~ 0 + factor(year) + pass","delta_gamma","TRUE","iid, iid","01_1","TRUE","TRUE","FALSE","TRUE","TRUE","FALSE","TRUE","FALSE","FALSE"
"2","2","2","2","2","2","2","2","2","2","2","2","2","2","2","2","2","2","2","2","2","2","2","2","2","2","2","2","2","2","2","2","2","2","2","2","2","2","2","2","2","2","2","2","2","2","2","2","2","2","2","2","2","2","2","2","2","2","2","2","2",NA,"CA","rex sole","rex_sole",NA,NA,"700","total_catch_wt_kg ~ 0 + factor(year) + pass","delta_gamma","TRUE","iid, iid","01_10","FALSE","TRUE","TRUE","TRUE","TRUE","TRUE","TRUE","FALSE","FALSE"
"3","3","3","3","3","3","3","3","3","3","3","3","3","3","3","3","3","3","3","3","3","3","3","3","3","3","3","3","3","3","3","3","3","3","3","3","3","3","3","3","3","3","3","3","3","3","3","3","3","3","3","3","3","3","3","3","3","3","3","3",NA,NA,"CA","rex sole","rex_sole",NA,NA,"700","total_catch_wt_kg ~ 0 + factor(year) + pass","delta_gamma","TRUE","iid, iid","01_2","TRUE","TRUE","TRUE","TRUE","TRUE","FALSE","TRUE","FALSE","FALSE"
"4","4","4","4","4","4","4","4","4","4","4","4","4","4","4","4","4","4","4","4","4","4","4","4","4","4","4","4","4","4","4","4","4","4","4","4","4","4","4","4","4","4","4","4","4","4","4","4","4","4","4","4","4","4","4","4","4","4","4",NA,NA,NA,"CA","rex sole","rex_sole",NA,NA,"700","total_catch_wt_kg ~ 0 + factor(year) + pass","delta_gamma","TRUE","iid, iid","01_3","TRUE","TRUE","TRUE","TRUE","TRUE","FALSE","TRUE","FALSE","FALSE"
"5","5","5","5","5","5","5","5","5","5","5","5","5","5","5","5","5","5","5","5","5","5","5","5","5","5","5","5","5","5","5","5","5","5","5","5","5","5","5","5","5","5","5","5","5","5","5","5","5","5","5","5","5","5","5","5","5","5",NA,NA,NA,NA,"CA","rex sole","rex_sole",NA,NA,"700","total_catch_wt_kg ~ 0 + factor(year) + pass","delta_gamma","TRUE","iid, iid","01_4","TRUE","TRUE","TRUE","TRUE","TRUE","FALSE","TRUE","FALSE","FALSE"
"6","6","6","6","6","6","6","6","6","6","6","6","6","6","6","6","6","6","6","6","6","6","6","6","6","6","6","6","6","6","6","6","6","6","6","6","6","6","6","6","6","6","6","6","6","6","6","6","6","6","6","6","6","6","6","6","6",NA,NA,NA,NA,NA,"CA","rex sole","rex_sole",NA,NA,"700","total_catch_wt_kg ~ 0 + factor(year) + pass","delta_gamma","TRUE","iid, iid","01_5","FALSE","TRUE","FALSE","TRUE","TRUE","FALSE","TRUE","FALSE","FALSE"
"7","7","7","7","7","7","7","7","7","7","7","7","7","7","7","7","7","7","7","7","7","7","7","7","7","7","7","7","7","7","7","7","7","7","7","7","7","7","7","7","7","7","7","7","7","7","7","7","7","7","7","7","7","7","7","7",NA,NA,NA,NA,NA,NA,"CA","rex sole","rex_sole",NA,NA,"700","total_catch_wt_kg ~ 0 + factor(year) + pass","delta_gamma","TRUE","iid, iid","01_6","FALSE","TRUE","TRUE","TRUE","TRUE","TRUE","TRUE","FALSE","FALSE"
"8","8","8","8","8","8","8","8","8","8","8","8","8","8","8","8","8","8","8","8","8","8","8","8","8","8","8","8","8","8","8","8","8","8","8","8","8","8","8","8","8","8","8","8","8","8","8","8","8","8","8","8","8","8","8",NA,NA,NA,NA,NA,NA,NA,"CA","rex sole","rex_sole",NA,NA,"700","total_catch_wt_kg ~ 0 + factor(year) + pass","delta_gamma","TRUE","iid, iid","01_7","TRUE","TRUE","TRUE","TRUE","TRUE","FALSE","TRUE","FALSE","FALSE"
"9","9","9","9","9","9","9","9","9","9","9","9","9","9","9","9","9","9","9","9","9","9","9","9","9","9","9","9","9","9","9","9","9","9","9","9","9","9","9","9","9","9","9","9","9","9","9","9","9","9","9","9","9","9",NA,NA,NA,NA,NA,NA,NA,NA,"CA","rex sole","rex_sole",NA,NA,"700","total_catch_wt_kg ~ 0 + factor(year) + pass","delta_gamma","TRUE","iid, iid","01_8","FALSE","TRUE","TRUE","TRUE","TRUE","FALSE","TRUE","FALSE","FALSE"
"10","10","10","10","10","10","10","10","10","10","10","10","10","10","10","10","10","10","10","10","10","10","10","10","10","10","10","10","10","10","10","10","10","10","10","10","10","10","10","10","10","10","10","10","10","10","10","10","10","10","10","10","10",NA,NA,NA,NA,NA,NA,NA,NA,NA,"CA","rex sole","rex_sole",NA,NA,"700","total_catch_wt_kg ~ 0 + factor(year) + pass","delta_gamma","TRUE","iid, iid","01_9","TRUE","TRUE","TRUE","TRUE","TRUE","FALSE","TRUE","FALSE","FALSE"
"11","11","11","11","11","11","11","11","11","11","11","11","11","11","11","11","11","11","11","11","11","11","11","11","11","11","11","11","11","11","11","11","11","11","11","11","11","11","11","11","11","11","11","11","11","11","11","11","11","11","11","11",NA,NA,NA,NA,NA,NA,NA,NA,NA,NA,"CA","rex sole","rex_sole",NA,NA,"700","total_catch_wt_kg ~ 0 + factor(year) + pass","delta_gamma","TRUE","iid, iid","02_1","FALSE","TRUE","TRUE","TRUE","TRUE","FALSE","TRUE","FALSE","FALSE"
"12","12","12","12","12","12","12","12","12","12","12","12","12","12","12","12","12","12","12","12","12","12","12","12","12","12","12","12","12","12","12","12","12","12","12","12","12","12","12","12","12","12","12","12","12","12","12","12","12","12","12",NA,NA,NA,NA,NA,NA,NA,NA,NA,NA,NA,"CA","rex sole","rex_sole",NA,NA,"700","total_catch_wt_kg ~ 0 + factor(year) + pass","delta_gamma","TRUE","iid, iid","02_10","TRUE","TRUE","TRUE","TRUE","TRUE","TRUE","TRUE","TRUE","TRUE"
"13","13","13","13","13","13","13","13","13","13","13","13","13","13","13","13","13","13","13","13","13","13","13","13","13","13","13","13","13","13","13","13","13","13","13","13","13","13","13","13","13","13","13","13","13","13","13","13","13","13",NA,NA,NA,NA,NA,NA,NA,NA,NA,NA,NA,NA,"CA","rex sole","rex_sole",NA,NA,"700","total_catch_wt_kg ~ 0 + factor(year) + pass","delta_gamma","TRUE","iid, iid","02_2","TRUE","TRUE","TRUE","TRUE","TRUE","FALSE","TRUE","FALSE","FALSE"
"14","14","14","14","14","14","14","14","14","14","14","14","14","14","14","14","14","14","14","14","14","14","14","14","14","14","14","14","14","14","14","14","14","14","14","14","14","14","14","14","14","14","14","14","14","14","14","14","14",NA,NA,NA,NA,NA,NA,NA,NA,NA,NA,NA,NA,NA,"CA","rex sole","rex_sole",NA,NA,"700","total_catch_wt_kg ~ 0 + factor(year) + pass","delta_gamma","TRUE","iid, iid","02_3","TRUE","TRUE","TRUE","TRUE","TRUE","FALSE","TRUE","FALSE","FALSE"
"15","15","15","15","15","15","15","15","15","15","15","15","15","15","15","15","15","15","15","15","15","15","15","15","15","15","15","15","15","15","15","15","15","15","15","15","15","15","15","15","15","15","15","15","15","15","15","15",NA,NA,NA,NA,NA,NA,NA,NA,NA,NA,NA,NA,NA,NA,"CA","rex sole","rex_sole",NA,NA,"700","total_catch_wt_kg ~ 0 + factor(year) + pass","delta_gamma","TRUE","iid, iid","02_4","TRUE","TRUE","TRUE","TRUE","TRUE","FALSE","TRUE","FALSE","FALSE"
"16","16","16","16","16","16","16","16","16","16","16","16","16","16","16","16","16","16","16","16","16","16","16","16","16","16","16","16","16","16","16","16","16","16","16","16","16","16","16","16","16","16","16","16","16","16","16",NA,NA,NA,NA,NA,NA,NA,NA,NA,NA,NA,NA,NA,NA,NA,"CA","rex sole","rex_sole",NA,NA,"700","total_catch_wt_kg ~ 0 + factor(year) + pass","delta_gamma","TRUE","iid, iid","02_5","TRUE","TRUE","TRUE","TRUE","TRUE","FALSE","TRUE","FALSE","FALSE"
"17","17","17","17","17","17","17","17","17","17","17","17","17","17","17","17","17","17","17","17","17","17","17","17","17","17","17","17","17","17","17","17","17","17","17","17","17","17","17","17","17","17","17","17","17","17",NA,NA,NA,NA,NA,NA,NA,NA,NA,NA,NA,NA,NA,NA,NA,NA,"CA","rex sole","rex_sole",NA,NA,"700","total_catch_wt_kg ~ 0 + factor(year) + pass","delta_gamma","TRUE","iid, iid","02_6","TRUE","TRUE","TRUE","TRUE","TRUE","FALSE","TRUE","FALSE","FALSE"
"18","18","18","18","18","18","18","18","18","18","18","18","18","18","18","18","18","18","18","18","18","18","18","18","18","18","18","18","18","18","18","18","18","18","18","18","18","18","18","18","18","18","18","18","18",NA,NA,NA,NA,NA,NA,NA,NA,NA,NA,NA,NA,NA,NA,NA,NA,NA,"CA","rex sole","rex_sole",NA,NA,"700","total_catch_wt_kg ~ 0 + factor(year) + pass","delta_gamma","TRUE","iid, iid","02_7","TRUE","TRUE","TRUE","TRUE","TRUE","FALSE","TRUE","FALSE","FALSE"
"19","19","19","19","19","19","19","19","19","19","19","19","19","19","19","19","19","19","19","19","19","19","19","19","19","19","19","19","19","19","19","19","19","19","19","19","19","19","19","19","19","19","19","19",NA,NA,NA,NA,NA,NA,NA,NA,NA,NA,NA,NA,NA,NA,NA,NA,NA,NA,"CA","rex sole","rex_sole",NA,NA,"700","total_catch_wt_kg ~ 0 + factor(year) + pass","delta_gamma","TRUE","iid, iid","02_8","TRUE","TRUE","TRUE","TRUE","TRUE","FALSE","TRUE","FALSE","FALSE"
"20","20","20","20","20","20","20","20","20","20","20","20","20","20","20","20","20","20","20","20","20","20","20","20","20","20","20","20","20","20","20","20","20","20","20","20","20","20","20","20","20","20","20",NA,NA,NA,NA,NA,NA,NA,NA,NA,NA,NA,NA,NA,NA,NA,NA,NA,NA,NA,"CA","rex sole","rex_sole",NA,NA,"700","total_catch_wt_kg ~ 0 + factor(year) + pass","delta_gamma","TRUE","iid, iid","02_9","TRUE","TRUE","TRUE","TRUE","TRUE","FALSE","TRUE","FALSE","FALSE"
"21","21","21","21","21","21","21","21","21","21","21","21","21","21","21","21","21","21","21","21","21","21","21","21","21","21","21","21","21","21","21","21","21","21","21","21","21","21","21","21","21","21",NA,NA,NA,NA,NA,NA,NA,NA,NA,NA,NA,NA,NA,NA,NA,NA,NA,NA,NA,NA,"CA","rex sole","rex_sole",NA,NA,"700","total_catch_wt_kg ~ 0 + factor(year) + pass","delta_gamma","TRUE","iid, iid","03_1","TRUE","TRUE","TRUE","TRUE","TRUE","FALSE","TRUE","FALSE","FALSE"
"22","22","22","22","22","22","22","22","22","22","22","22","22","22","22","22","22","22","22","22","22","22","22","22","22","22","22","22","22","22","22","22","22","22","22","22","22","22","22","22","22",NA,NA,NA,NA,NA,NA,NA,NA,NA,NA,NA,NA,NA,NA,NA,NA,NA,NA,NA,NA,NA,"CA","rex sole","rex_sole",NA,NA,"700","total_catch_wt_kg ~ 0 + factor(year) + pass","delta_gamma","TRUE","iid, iid","03_10","TRUE","TRUE","TRUE","TRUE","TRUE","TRUE","TRUE","TRUE","TRUE"
"23","23","23","23","23","23","23","23","23","23","23","23","23","23","23","23","23","23","23","23","23","23","23","23","23","23","23","23","23","23","23","23","23","23","23","23","23","23","23","23",NA,NA,NA,NA,NA,NA,NA,NA,NA,NA,NA,NA,NA,NA,NA,NA,NA,NA,NA,NA,NA,NA,"CA","rex sole","rex_sole",NA,NA,"700","total_catch_wt_kg ~ 0 + factor(year) + pass","delta_gamma","TRUE","iid, iid","03_2","TRUE","TRUE","TRUE","TRUE","TRUE","FALSE","TRUE","FALSE","FALSE"
"24","24","24","24","24","24","24","24","24","24","24","24","24","24","24","24","24","24","24","24","24","24","24","24","24","24","24","24","24","24","24","24","24","24","24","24","24","24","24",NA,NA,NA,NA,NA,NA,NA,NA,NA,NA,NA,NA,NA,NA,NA,NA,NA,NA,NA,NA,NA,NA,NA,"CA","rex sole","rex_sole",NA,NA,"700","total_catch_wt_kg ~ 0 + factor(year) + pass","delta_gamma","TRUE","iid, iid","03_3","TRUE","TRUE","TRUE","TRUE","TRUE","FALSE","TRUE","FALSE","FALSE"
"25","25","25","25","25","25","25","25","25","25","25","25","25","25","25","25","25","25","25","25","25","25","25","25","25","25","25","25","25","25","25","25","25","25","25","25","25","25",NA,NA,NA,NA,NA,NA,NA,NA,NA,NA,NA,NA,NA,NA,NA,NA,NA,NA,NA,NA,NA,NA,NA,NA,"CA","rex sole","rex_sole",NA,NA,"700","total_catch_wt_kg ~ 0 + factor(year) + pass","delta_gamma","TRUE","iid, iid","03_4","TRUE","TRUE","TRUE","TRUE","TRUE","FALSE","TRUE","FALSE","FALSE"
"26","26","26","26","26","26","26","26","26","26","26","26","26","26","26","26","26","26","26","26","26","26","26","26","26","26","26","26","26","26","26","26","26","26","26","26","26",NA,NA,NA,NA,NA,NA,NA,NA,NA,NA,NA,NA,NA,NA,NA,NA,NA,NA,NA,NA,NA,NA,NA,NA,NA,"CA","rex sole","rex_sole",NA,NA,"700","total_catch_wt_kg ~ 0 + factor(year) + pass","delta_gamma","TRUE","iid, iid","03_5","TRUE","TRUE","TRUE","TRUE","TRUE","FALSE","TRUE","FALSE","FALSE"
"27","27","27","27","27","27","27","27","27","27","27","27","27","27","27","27","27","27","27","27","27","27","27","27","27","27","27","27","27","27","27","27","27","27","27","27",NA,NA,NA,NA,NA,NA,NA,NA,NA,NA,NA,NA,NA,NA,NA,NA,NA,NA,NA,NA,NA,NA,NA,NA,NA,NA,"CA","rex sole","rex_sole",NA,NA,"700","total_catch_wt_kg ~ 0 + factor(year) + pass","delta_gamma","TRUE","iid, iid","03_6","TRUE","TRUE","TRUE","TRUE","TRUE","FALSE","TRUE","FALSE","FALSE"
"28","28","28","28","28","28","28","28","28","28","28","28","28","28","28","28","28","28","28","28","28","28","28","28","28","28","28","28","28","28","28","28","28","28","28",NA,NA,NA,NA,NA,NA,NA,NA,NA,NA,NA,NA,NA,NA,NA,NA,NA,NA,NA,NA,NA,NA,NA,NA,NA,NA,NA,"CA","rex sole","rex_sole",NA,NA,"700","total_catch_wt_kg ~ 0 + factor(year) + pass","delta_gamma","TRUE","iid, iid","03_7","TRUE","TRUE","TRUE","TRUE","TRUE","FALSE","TRUE","FALSE","FALSE"
"29","29","29","29","29","29","29","29","29","29","29","29","29","29","29","29","29","29","29","29","29","29","29","29","29","29","29","29","29","29","29","29","29","29",NA,NA,NA,NA,NA,NA,NA,NA,NA,NA,NA,NA,NA,NA,NA,NA,NA,NA,NA,NA,NA,NA,NA,NA,NA,NA,NA,NA,"CA","rex sole","rex_sole",NA,NA,"700","total_catch_wt_kg ~ 0 + factor(year) + pass","delta_gamma","TRUE","iid, iid","03_8","TRUE","TRUE","TRUE","TRUE","TRUE","FALSE","TRUE","FALSE","FALSE"
"30","30","30","30","30","30","30","30","30","30","30","30","30","30","30","30","30","30","30","30","30","30","30","30","30","30","30","30","30","30","30","30","30",NA,NA,NA,NA,NA,NA,NA,NA,NA,NA,NA,NA,NA,NA,NA,NA,NA,NA,NA,NA,NA,NA,NA,NA,NA,NA,NA,NA,NA,"CA","rex sole","rex_sole",NA,NA,"700","total_catch_wt_kg ~ 0 + factor(year) + pass","delta_gamma","TRUE","iid, iid","03_9","TRUE","TRUE","TRUE","TRUE","TRUE","FALSE","TRUE","FALSE","FALSE"
"31","31","31","31","31","31","31","31","31","31","31","31","31","31","31","31","31","31","31","31","31","31","31","31","31","31","31","31","31","31","31","31",NA,NA,NA,NA,NA,NA,NA,NA,NA,NA,NA,NA,NA,NA,NA,NA,NA,NA,NA,NA,NA,NA,NA,NA,NA,NA,NA,NA,NA,NA,"CA","rex sole","rex_sole",NA,NA,"700","total_catch_wt_kg ~ 0 + factor(year) + pass","delta_gamma","TRUE","iid, iid","04_1","TRUE","TRUE","TRUE","TRUE","TRUE","FALSE","TRUE","FALSE","FALSE"
"32","32","32","32","32","32","32","32","32","32","32","32","32","32","32","32","32","32","32","32","32","32","32","32","32","32","32","32","32","32","32",NA,NA,NA,NA,NA,NA,NA,NA,NA,NA,NA,NA,NA,NA,NA,NA,NA,NA,NA,NA,NA,NA,NA,NA,NA,NA,NA,NA,NA,NA,NA,"CA","rex sole","rex_sole",NA,NA,"700","total_catch_wt_kg ~ 0 + factor(year) + pass","delta_gamma","TRUE","iid, iid","04_10","TRUE","TRUE","TRUE","TRUE","TRUE","TRUE","TRUE","TRUE","TRUE"
"33","33","33","33","33","33","33","33","33","33","33","33","33","33","33","33","33","33","33","33","33","33","33","33","33","33","33","33","33","33",NA,NA,NA,NA,NA,NA,NA,NA,NA,NA,NA,NA,NA,NA,NA,NA,NA,NA,NA,NA,NA,NA,NA,NA,NA,NA,NA,NA,NA,NA,NA,NA,"CA","rex sole","rex_sole",NA,NA,"700","total_catch_wt_kg ~ 0 + factor(year) + pass","delta_gamma","TRUE","iid, iid","04_2","TRUE","TRUE","TRUE","TRUE","TRUE","FALSE","TRUE","FALSE","FALSE"
"34","34","34","34","34","34","34","34","34","34","34","34","34","34","34","34","34","34","34","34","34","34","34","34","34","34","34","34","34",NA,NA,NA,NA,NA,NA,NA,NA,NA,NA,NA,NA,NA,NA,NA,NA,NA,NA,NA,NA,NA,NA,NA,NA,NA,NA,NA,NA,NA,NA,NA,NA,NA,"CA","rex sole","rex_sole",NA,NA,"700","total_catch_wt_kg ~ 0 + factor(year) + pass","delta_gamma","TRUE","iid, iid","04_3","TRUE","TRUE","TRUE","TRUE","TRUE","FALSE","TRUE","FALSE","FALSE"
"35","35","35","35","35","35","35","35","35","35","35","35","35","35","35","35","35","35","35","35","35","35","35","35","35","35","35","35",NA,NA,NA,NA,NA,NA,NA,NA,NA,NA,NA,NA,NA,NA,NA,NA,NA,NA,NA,NA,NA,NA,NA,NA,NA,NA,NA,NA,NA,NA,NA,NA,NA,NA,"CA","rex sole","rex_sole",NA,NA,"700","total_catch_wt_kg ~ 0 + factor(year) + pass","delta_gamma","TRUE","iid, iid","04_4","TRUE","TRUE","TRUE","TRUE","TRUE","FALSE","TRUE","FALSE","FALSE"
"36","36","36","36","36","36","36","36","36","36","36","36","36","36","36","36","36","36","36","36","36","36","36","36","36","36","36",NA,NA,NA,NA,NA,NA,NA,NA,NA,NA,NA,NA,NA,NA,NA,NA,NA,NA,NA,NA,NA,NA,NA,NA,NA,NA,NA,NA,NA,NA,NA,NA,NA,NA,NA,"CA","rex sole","rex_sole",NA,NA,"700","total_catch_wt_kg ~ 0 + factor(year) + pass","delta_gamma","TRUE","iid, iid","04_5","TRUE","TRUE","TRUE","TRUE","TRUE","FALSE","TRUE","FALSE","FALSE"
"37","37","37","37","37","37","37","37","37","37","37","37","37","37","37","37","37","37","37","37","37","37","37","37","37","37",NA,NA,NA,NA,NA,NA,NA,NA,NA,NA,NA,NA,NA,NA,NA,NA,NA,NA,NA,NA,NA,NA,NA,NA,NA,NA,NA,NA,NA,NA,NA,NA,NA,NA,NA,NA,"CA","rex sole","rex_sole",NA,NA,"700","total_catch_wt_kg ~ 0 + factor(year) + pass","delta_gamma","TRUE","iid, iid","04_6","TRUE","TRUE","TRUE","TRUE","TRUE","FALSE","TRUE","FALSE","FALSE"
"38","38","38","38","38","38","38","38","38","38","38","38","38","38","38","38","38","38","38","38","38","38","38","38","38",NA,NA,NA,NA,NA,NA,NA,NA,NA,NA,NA,NA,NA,NA,NA,NA,NA,NA,NA,NA,NA,NA,NA,NA,NA,NA,NA,NA,NA,NA,NA,NA,NA,NA,NA,NA,NA,"CA","rex sole","rex_sole",NA,NA,"700","total_catch_wt_kg ~ 0 + factor(year) + pass","delta_gamma","TRUE","iid, iid","04_7","TRUE","TRUE","TRUE","TRUE","TRUE","FALSE","TRUE","FALSE","FALSE"
"39","39","39","39","39","39","39","39","39","39","39","39","39","39","39","39","39","39","39","39","39","39","39","39",NA,NA,NA,NA,NA,NA,NA,NA,NA,NA,NA,NA,NA,NA,NA,NA,NA,NA,NA,NA,NA,NA,NA,NA,NA,NA,NA,NA,NA,NA,NA,NA,NA,NA,NA,NA,NA,NA,"CA","rex sole","rex_sole",NA,NA,"700","total_catch_wt_kg ~ 0 + factor(year) + pass","delta_gamma","TRUE","iid, iid","04_8","TRUE","TRUE","TRUE","TRUE","TRUE","FALSE","TRUE","FALSE","FALSE"
"40","40","40","40","40","40","40","40","40","40","40","40","40","40","40","40","40","40","40","40","40","40","40",NA,NA,NA,NA,NA,NA,NA,NA,NA,NA,NA,NA,NA,NA,NA,NA,NA,NA,NA,NA,NA,NA,NA,NA,NA,NA,NA,NA,NA,NA,NA,NA,NA,NA,NA,NA,NA,NA,NA,"CA","rex sole","rex_sole",NA,NA,"700","total_catch_wt_kg ~ 0 + factor(year) + pass","delta_gamma","TRUE","iid, iid","04_9","TRUE","TRUE","TRUE","TRUE","TRUE","FALSE","TRUE","FALSE","FALSE"
"41","41","41","41","41","41","41","41","41","41","41","41","41","41","41","41","41","41","41","41","41","41",NA,NA,NA,NA,NA,NA,NA,NA,NA,NA,NA,NA,NA,NA,NA,NA,NA,NA,NA,NA,NA,NA,NA,NA,NA,NA,NA,NA,NA,NA,NA,NA,NA,NA,NA,NA,NA,NA,NA,NA,"CA","rex sole","rex_sole",NA,NA,"700","total_catch_wt_kg ~ 0 + factor(year) + pass","delta_gamma","TRUE","iid, iid","05_1","TRUE","TRUE","TRUE","TRUE","TRUE","FALSE","TRUE","FALSE","FALSE"
"42","42","42","42","42","42","42","42","42","42","42","42","42","42","42","42","42","42","42","42","42",NA,NA,NA,NA,NA,NA,NA,NA,NA,NA,NA,NA,NA,NA,NA,NA,NA,NA,NA,NA,NA,NA,NA,NA,NA,NA,NA,NA,NA,NA,NA,NA,NA,NA,NA,NA,NA,NA,NA,NA,NA,"CA","rex sole","rex_sole",NA,NA,"700","total_catch_wt_kg ~ 0 + factor(year) + pass","delta_gamma","TRUE","iid, iid","05_10","TRUE","TRUE","TRUE","TRUE","TRUE","TRUE","TRUE","TRUE","TRUE"
"43","43","43","43","43","43","43","43","43","43","43","43","43","43","43","43","43","43","43","43",NA,NA,NA,NA,NA,NA,NA,NA,NA,NA,NA,NA,NA,NA,NA,NA,NA,NA,NA,NA,NA,NA,NA,NA,NA,NA,NA,NA,NA,NA,NA,NA,NA,NA,NA,NA,NA,NA,NA,NA,NA,NA,"CA","rex sole","rex_sole",NA,NA,"700","total_catch_wt_kg ~ 0 + factor(year) + pass","delta_gamma","TRUE","iid, iid","05_2","TRUE","TRUE","TRUE","TRUE","TRUE","FALSE","TRUE","FALSE","FALSE"
"44","44","44","44","44","44","44","44","44","44","44","44","44","44","44","44","44","44","44",NA,NA,NA,NA,NA,NA,NA,NA,NA,NA,NA,NA,NA,NA,NA,NA,NA,NA,NA,NA,NA,NA,NA,NA,NA,NA,NA,NA,NA,NA,NA,NA,NA,NA,NA,NA,NA,NA,NA,NA,NA,NA,NA,"CA","rex sole","rex_sole",NA,NA,"700","total_catch_wt_kg ~ 0 + factor(year) + pass","delta_gamma","TRUE","iid, iid","05_3","TRUE","TRUE","TRUE","TRUE","TRUE","FALSE","TRUE","FALSE","FALSE"
"45","45","45","45","45","45","45","45","45","45","45","45","45","45","45","45","45","45",NA,NA,NA,NA,NA,NA,NA,NA,NA,NA,NA,NA,NA,NA,NA,NA,NA,NA,NA,NA,NA,NA,NA,NA,NA,NA,NA,NA,NA,NA,NA,NA,NA,NA,NA,NA,NA,NA,NA,NA,NA,NA,NA,NA,"CA","rex sole","rex_sole",NA,NA,"700","total_catch_wt_kg ~ 0 + factor(year) + pass","delta_gamma","TRUE","iid, iid","05_4","TRUE","TRUE","TRUE","TRUE","TRUE","FALSE","TRUE","FALSE","FALSE"
"46","46","46","46","46","46","46","46","46","46","46","46","46","46","46","46","46",NA,NA,NA,NA,NA,NA,NA,NA,NA,NA,NA,NA,NA,NA,NA,NA,NA,NA,NA,NA,NA,NA,NA,NA,NA,NA,NA,NA,NA,NA,NA,NA,NA,NA,NA,NA,NA,NA,NA,NA,NA,NA,NA,NA,NA,"CA","rex sole","rex_sole",NA,NA,"700","total_catch_wt_kg ~ 0 + factor(year) + pass","delta_gamma","TRUE","iid, iid","05_5","TRUE","TRUE","TRUE","TRUE","TRUE","FALSE","TRUE","FALSE","FALSE"
"47","47","47","47","47","47","47","47","47","47","47","47","47","47","47","47",NA,NA,NA,NA,NA,NA,NA,NA,NA,NA,NA,NA,NA,NA,NA,NA,NA,NA,NA,NA,NA,NA,NA,NA,NA,NA,NA,NA,NA,NA,NA,NA,NA,NA,NA,NA,NA,NA,NA,NA,NA,NA,NA,NA,NA,NA,"CA","rex sole","rex_sole",NA,NA,"700","total_catch_wt_kg ~ 0 + factor(year) + pass","delta_gamma","TRUE","iid, iid","05_6","TRUE","TRUE","TRUE","TRUE","TRUE","FALSE","TRUE","FALSE","FALSE"
"48","48","48","48","48","48","48","48","48","48","48","48","48","48","48",NA,NA,NA,NA,NA,NA,NA,NA,NA,NA,NA,NA,NA,NA,NA,NA,NA,NA,NA,NA,NA,NA,NA,NA,NA,NA,NA,NA,NA,NA,NA,NA,NA,NA,NA,NA,NA,NA,NA,NA,NA,NA,NA,NA,NA,NA,NA,"CA","rex sole","rex_sole",NA,NA,"700","total_catch_wt_kg ~ 0 + factor(year) + pass","delta_gamma","TRUE","iid, iid","05_7","TRUE","TRUE","TRUE","TRUE","TRUE","TRUE","TRUE","TRUE","TRUE"
"49","49","49","49","49","49","49","49","49","49","49","49","49","49",NA,NA,NA,NA,NA,NA,NA,NA,NA,NA,NA,NA,NA,NA,NA,NA,NA,NA,NA,NA,NA,NA,NA,NA,NA,NA,NA,NA,NA,NA,NA,NA,NA,NA,NA,NA,NA,NA,NA,NA,NA,NA,NA,NA,NA,NA,NA,NA,"CA","rex sole","rex_sole",NA,NA,"700","total_catch_wt_kg ~ 0 + factor(year) + pass","delta_gamma","TRUE","iid, iid","05_8","TRUE","TRUE","TRUE","TRUE","TRUE","FALSE","TRUE","FALSE","FALSE"
"50","50","50","50","50","50","50","50","50","50","50","50","50",NA,NA,NA,NA,NA,NA,NA,NA,NA,NA,NA,NA,NA,NA,NA,NA,NA,NA,NA,NA,NA,NA,NA,NA,NA,NA,NA,NA,NA,NA,NA,NA,NA,NA,NA,NA,NA,NA,NA,NA,NA,NA,NA,NA,NA,NA,NA,NA,NA,"CA","rex sole","rex_sole",NA,NA,"700","total_catch_wt_kg ~ 0 + factor(year) + pass","delta_gamma","TRUE","iid, iid","05_9","TRUE","TRUE","TRUE","TRUE","TRUE","FALSE","TRUE","FALSE","FALSE"
"51","51","51","51","51","51","51","51","51","51","51","51",NA,NA,NA,NA,NA,NA,NA,NA,NA,NA,NA,NA,NA,NA,NA,NA,NA,NA,NA,NA,NA,NA,NA,NA,NA,NA,NA,NA,NA,NA,NA,NA,NA,NA,NA,NA,NA,NA,NA,NA,NA,NA,NA,NA,NA,NA,NA,NA,NA,NA,"CA","rex sole","rex_sole",NA,NA,"700","total_catch_wt_kg ~ 0 + factor(year) + pass","delta_gamma","TRUE","iid, iid","06_1","TRUE","TRUE","TRUE","TRUE","TRUE","TRUE","TRUE","TRUE","TRUE"
"52","52","52","52","52","52","52","52","52","52","52",NA,NA,NA,NA,NA,NA,NA,NA,NA,NA,NA,NA,NA,NA,NA,NA,NA,NA,NA,NA,NA,NA,NA,NA,NA,NA,NA,NA,NA,NA,NA,NA,NA,NA,NA,NA,NA,NA,NA,NA,NA,NA,NA,NA,NA,NA,NA,NA,NA,NA,NA,"CA","rex sole","rex_sole",NA,NA,"700","total_catch_wt_kg ~ 0 + factor(year) + pass","delta_gamma","TRUE","iid, iid","06_10","TRUE","TRUE","TRUE","TRUE","TRUE","TRUE","TRUE","TRUE","TRUE"
"53","53","53","53","53","53","53","53","53","53",NA,NA,NA,NA,NA,NA,NA,NA,NA,NA,NA,NA,NA,NA,NA,NA,NA,NA,NA,NA,NA,NA,NA,NA,NA,NA,NA,NA,NA,NA,NA,NA,NA,NA,NA,NA,NA,NA,NA,NA,NA,NA,NA,NA,NA,NA,NA,NA,NA,NA,NA,NA,"CA","rex sole","rex_sole",NA,NA,"700","total_catch_wt_kg ~ 0 + factor(year) + pass","delta_gamma","TRUE","iid, iid","06_2","TRUE","TRUE","TRUE","TRUE","TRUE","TRUE","TRUE","TRUE","TRUE"
"54","54","54","54","54","54","54","54","54",NA,NA,NA,NA,NA,NA,NA,NA,NA,NA,NA,NA,NA,NA,NA,NA,NA,NA,NA,NA,NA,NA,NA,NA,NA,NA,NA,NA,NA,NA,NA,NA,NA,NA,NA,NA,NA,NA,NA,NA,NA,NA,NA,NA,NA,NA,NA,NA,NA,NA,NA,NA,NA,"CA","rex sole","rex_sole",NA,NA,"700","total_catch_wt_kg ~ 0 + factor(year) + pass","delta_gamma","TRUE","iid, iid","06_3","TRUE","TRUE","TRUE","TRUE","TRUE","TRUE","TRUE","TRUE","TRUE"
"55","55","55","55","55","55","55","55",NA,NA,NA,NA,NA,NA,NA,NA,NA,NA,NA,NA,NA,NA,NA,NA,NA,NA,NA,NA,NA,NA,NA,NA,NA,NA,NA,NA,NA,NA,NA,NA,NA,NA,NA,NA,NA,NA,NA,NA,NA,NA,NA,NA,NA,NA,NA,NA,NA,NA,NA,NA,NA,NA,"CA","rex sole","rex_sole",NA,NA,"700","total_catch_wt_kg ~ 0 + factor(year) + pass","delta_gamma","TRUE","iid, iid","06_4","TRUE","TRUE","TRUE","TRUE","TRUE","TRUE","TRUE","TRUE","TRUE"
"56","56","56","56","56","56","56",NA,NA,NA,NA,NA,NA,NA,NA,NA,NA,NA,NA,NA,NA,NA,NA,NA,NA,NA,NA,NA,NA,NA,NA,NA,NA,NA,NA,NA,NA,NA,NA,NA,NA,NA,NA,NA,NA,NA,NA,NA,NA,NA,NA,NA,NA,NA,NA,NA,NA,NA,NA,NA,NA,NA,"CA","rex sole","rex_sole",NA,NA,"700","total_catch_wt_kg ~ 0 + factor(year) + pass","delta_gamma","TRUE","iid, iid","06_5","TRUE","TRUE","TRUE","TRUE","TRUE","FALSE","TRUE","FALSE","FALSE"
"57","57","57","57","57","57",NA,NA,NA,NA,NA,NA,NA,NA,NA,NA,NA,NA,NA,NA,NA,NA,NA,NA,NA,NA,NA,NA,NA,NA,NA,NA,NA,NA,NA,NA,NA,NA,NA,NA,NA,NA,NA,NA,NA,NA,NA,NA,NA,NA,NA,NA,NA,NA,NA,NA,NA,NA,NA,NA,NA,NA,"CA","rex sole","rex_sole",NA,NA,"700","total_catch_wt_kg ~ 0 + factor(year) + pass","delta_gamma","TRUE","iid, iid","06_6","TRUE","TRUE","TRUE","TRUE","TRUE","TRUE","TRUE","TRUE","TRUE"
"58","58","58","58","58",NA,NA,NA,NA,NA,NA,NA,NA,NA,NA,NA,NA,NA,NA,NA,NA,NA,NA,NA,NA,NA,NA,NA,NA,NA,NA,NA,NA,NA,NA,NA,NA,NA,NA,NA,NA,NA,NA,NA,NA,NA,NA,NA,NA,NA,NA,NA,NA,NA,NA,NA,NA,NA,NA,NA,NA,NA,"CA","rex sole","rex_sole",NA,NA,"700","total_catch_wt_kg ~ 0 + factor(year) + pass","delta_gamma","TRUE","iid, iid","06_7","TRUE","TRUE","TRUE","TRUE","TRUE","TRUE","TRUE","TRUE","TRUE"
"59","59","59","59",NA,NA,NA,NA,NA,NA,NA,NA,NA,NA,NA,NA,NA,NA,NA,NA,NA,NA,NA,NA,NA,NA,NA,NA,NA,NA,NA,NA,NA,NA,NA,NA,NA,NA,NA,NA,NA,NA,NA,NA,NA,NA,NA,NA,NA,NA,NA,NA,NA,NA,NA,NA,NA,NA,NA,NA,NA,NA,"CA","rex sole","rex_sole",NA,NA,"700","total_catch_wt_kg ~ 0 + factor(year) + pass","delta_gamma","TRUE","iid, iid","06_8","TRUE","TRUE","TRUE","TRUE","TRUE","FALSE","TRUE","FALSE","FALSE"
"60","60","60",NA,NA,NA,NA,NA,NA,NA,NA,NA,NA,NA,NA,NA,NA,NA,NA,NA,NA,NA,NA,NA,NA,NA,NA,NA,NA,NA,NA,NA,NA,NA,NA,NA,NA,NA,NA,NA,NA,NA,NA,NA,NA,NA,NA,NA,NA,NA,NA,NA,NA,NA,NA,NA,NA,NA,NA,NA,NA,NA,"CA","rex sole","rex_sole",NA,NA,"700","total_catch_wt_kg ~ 0 + factor(year) + pass","delta_gamma","TRUE","iid, iid","06_9","TRUE","TRUE","TRUE","TRUE","TRUE","FALSE","TRUE","FALSE","FALSE"
"61","61",NA,NA,NA,NA,NA,NA,NA,NA,NA,NA,NA,NA,NA,NA,NA,NA,NA,NA,NA,NA,NA,NA,NA,NA,NA,NA,NA,NA,NA,NA,NA,NA,NA,NA,NA,NA,NA,NA,NA,NA,NA,NA,NA,NA,NA,NA,NA,NA,NA,NA,NA,NA,NA,NA,NA,NA,NA,NA,NA,NA,"CA","rex sole","rex_sole",NA,NA,"700","total_catch_wt_kg ~ 0 + factor(year) + pass","delta_gamma","TRUE","iid, iid","07_1","TRUE","TRUE","TRUE","TRUE","TRUE","TRUE","TRUE","TRUE","TRUE"
"62",NA,NA,NA,NA,NA,NA,NA,NA,NA,NA,NA,NA,NA,NA,NA,NA,NA,NA,NA,NA,NA,NA,NA,NA,NA,NA,NA,NA,NA,NA,NA,NA,NA,NA,NA,NA,NA,NA,NA,NA,NA,NA,NA,NA,NA,NA,NA,NA,NA,NA,NA,NA,NA,NA,NA,NA,NA,NA,NA,NA,NA,"CA","rex sole","rex_sole",NA,NA,"700","total_catch_wt_kg ~ 0 + factor(year) + pass","delta_gamma","TRUE","iid, iid","07_10","TRUE","TRUE","TRUE","TRUE","TRUE","TRUE","TRUE","TRUE","TRUE"
