"","X.60","X.59","X.58","X.57","X.56","X.55","X.54","X.53","X.52","X.51","X.50","X.49","X.48","X.47","X.46","X.45","X.44","X.43","X.42","X.41","X.40","X.39","X.38","X.37","X.36","X.35","X.34","X.33","X.32","X.31","X.30","X.29","X.28","X.27","X.26","X.25","X.24","X.23","X.22","X.21","X.20","X.19","X.18","X.17","X.16","X.15","X.14","X.13","X.12","X.11","X.10","X.9","X.8","X.7","X.6","X.5","X.4","X.3","X.2","X.1","X","srvy","common_name","file_name","filter_lat_gt","filter_lat_lt","filter_depth","model_fn","model_family","model_anisotropy","model_spatiotemporal","effort","term","estimate","std.error","conf.low","conf.high"
"1","1","1","1","1","1","1","1","1","1","1","1","1","1","1","1","1","1","1","1","1","1","1","1","1","1","1","1","1","1","1","1","1","1","1","1","1","1","1","1","1","1","1","1","1","1","1","1","1","1","1","1","1","1","1","1","1","1","1","1","1","1","CA","rex sole","rex_sole",NA,NA,"700","total_catch_wt_kg ~ 0 + factor(year) + pass","delta_gamma","TRUE","iid, iid","01_1","range","1.17800554401592","0.404859381379208","0.600626691080964","2.31041524184478"
"2","2","2","2","2","2","2","2","2","2","2","2","2","2","2","2","2","2","2","2","2","2","2","2","2","2","2","2","2","2","2","2","2","2","2","2","2","2","2","2","2","2","2","2","2","2","2","2","2","2","2","2","2","2","2","2","2","2","2","2","2","2","CA","rex sole","rex_sole",NA,NA,"700","total_catch_wt_kg ~ 0 + factor(year) + pass","delta_gamma","TRUE","iid, iid","01_1","sigma_O","2.6067905536345","0.560550721530629","1.71028376483989","3.97323364123392"
"3","3","3","3","3","3","3","3","3","3","3","3","3","3","3","3","3","3","3","3","3","3","3","3","3","3","3","3","3","3","3","3","3","3","3","3","3","3","3","3","3","3","3","3","3","3","3","3","3","3","3","3","3","3","3","3","3","3","3","3","3","3","CA","rex sole","rex_sole",NA,NA,"700","total_catch_wt_kg ~ 0 + factor(year) + pass","delta_gamma","TRUE","iid, iid","01_1","sigma_E","1.10404252067427e-14","1.28949264231431e-11","0","Inf"
"4","4","4","4","4","4","4","4","4","4","4","4","4","4","4","4","4","4","4","4","4","4","4","4","4","4","4","4","4","4","4","4","4","4","4","4","4","4","4","4","4","4","4","4","4","4","4","4","4","4","4","4","4","4","4","4","4","4","4","4","4",NA,"CA","rex sole","rex_sole",NA,NA,"700","total_catch_wt_kg ~ 0 + factor(year) + pass","delta_gamma","TRUE","iid, iid","01_10","range","1.39920273719284","0.480451291270326","0.713837378208725","2.74259706696877"
"5","5","5","5","5","5","5","5","5","5","5","5","5","5","5","5","5","5","5","5","5","5","5","5","5","5","5","5","5","5","5","5","5","5","5","5","5","5","5","5","5","5","5","5","5","5","5","5","5","5","5","5","5","5","5","5","5","5","5","5","5",NA,"CA","rex sole","rex_sole",NA,NA,"700","total_catch_wt_kg ~ 0 + factor(year) + pass","delta_gamma","TRUE","iid, iid","01_10","sigma_O","2.11778717574897","0.357644677237088","1.52101781166139","2.9486982252153"
"6","6","6","6","6","6","6","6","6","6","6","6","6","6","6","6","6","6","6","6","6","6","6","6","6","6","6","6","6","6","6","6","6","6","6","6","6","6","6","6","6","6","6","6","6","6","6","6","6","6","6","6","6","6","6","6","6","6","6","6","6",NA,"CA","rex sole","rex_sole",NA,NA,"700","total_catch_wt_kg ~ 0 + factor(year) + pass","delta_gamma","TRUE","iid, iid","01_10","sigma_E","0.000242893088497683","NaN","NaN","NaN"
"7","7","7","7","7","7","7","7","7","7","7","7","7","7","7","7","7","7","7","7","7","7","7","7","7","7","7","7","7","7","7","7","7","7","7","7","7","7","7","7","7","7","7","7","7","7","7","7","7","7","7","7","7","7","7","7","7","7","7","7",NA,NA,"CA","rex sole","rex_sole",NA,NA,"700","total_catch_wt_kg ~ 0 + factor(year) + pass","delta_gamma","TRUE","iid, iid","01_2","range","0.797026833493613","0.192550999978699","0.496402613471744","1.27971077522342"
"8","8","8","8","8","8","8","8","8","8","8","8","8","8","8","8","8","8","8","8","8","8","8","8","8","8","8","8","8","8","8","8","8","8","8","8","8","8","8","8","8","8","8","8","8","8","8","8","8","8","8","8","8","8","8","8","8","8","8","8",NA,NA,"CA","rex sole","rex_sole",NA,NA,"700","total_catch_wt_kg ~ 0 + factor(year) + pass","delta_gamma","TRUE","iid, iid","01_2","sigma_O","2.5484711219565","0.365583869264649","1.92385774456774","3.37587593354282"
"9","9","9","9","9","9","9","9","9","9","9","9","9","9","9","9","9","9","9","9","9","9","9","9","9","9","9","9","9","9","9","9","9","9","9","9","9","9","9","9","9","9","9","9","9","9","9","9","9","9","9","9","9","9","9","9","9","9","9","9",NA,NA,"CA","rex sole","rex_sole",NA,NA,"700","total_catch_wt_kg ~ 0 + factor(year) + pass","delta_gamma","TRUE","iid, iid","01_2","sigma_E","0.000107805104743143","0.180671350587836","0","Inf"
"10","10","10","10","10","10","10","10","10","10","10","10","10","10","10","10","10","10","10","10","10","10","10","10","10","10","10","10","10","10","10","10","10","10","10","10","10","10","10","10","10","10","10","10","10","10","10","10","10","10","10","10","10","10","10","10","10","10","10",NA,NA,NA,"CA","rex sole","rex_sole",NA,NA,"700","total_catch_wt_kg ~ 0 + factor(year) + pass","delta_gamma","TRUE","iid, iid","01_3","range","0.96464203792186","0.407665581345727","0.421348526616905","2.20846686897778"
"11","11","11","11","11","11","11","11","11","11","11","11","11","11","11","11","11","11","11","11","11","11","11","11","11","11","11","11","11","11","11","11","11","11","11","11","11","11","11","11","11","11","11","11","11","11","11","11","11","11","11","11","11","11","11","11","11","11","11",NA,NA,NA,"CA","rex sole","rex_sole",NA,NA,"700","total_catch_wt_kg ~ 0 + factor(year) + pass","delta_gamma","TRUE","iid, iid","01_3","sigma_O","3.03097081155781","0.879918360593954","1.71581402577868","5.35418403305464"
"12","12","12","12","12","12","12","12","12","12","12","12","12","12","12","12","12","12","12","12","12","12","12","12","12","12","12","12","12","12","12","12","12","12","12","12","12","12","12","12","12","12","12","12","12","12","12","12","12","12","12","12","12","12","12","12","12","12","12",NA,NA,NA,"CA","rex sole","rex_sole",NA,NA,"700","total_catch_wt_kg ~ 0 + factor(year) + pass","delta_gamma","TRUE","iid, iid","01_3","sigma_E","0.000836005506117196","0.234724717910711","8.52923053275217e-243","8.19423514904958e+235"
"13","13","13","13","13","13","13","13","13","13","13","13","13","13","13","13","13","13","13","13","13","13","13","13","13","13","13","13","13","13","13","13","13","13","13","13","13","13","13","13","13","13","13","13","13","13","13","13","13","13","13","13","13","13","13","13","13","13",NA,NA,NA,NA,"CA","rex sole","rex_sole",NA,NA,"700","total_catch_wt_kg ~ 0 + factor(year) + pass","delta_gamma","TRUE","iid, iid","01_4","range","1.13981169281562","0.351803697780134","0.62245669161772","2.0871664046261"
"14","14","14","14","14","14","14","14","14","14","14","14","14","14","14","14","14","14","14","14","14","14","14","14","14","14","14","14","14","14","14","14","14","14","14","14","14","14","14","14","14","14","14","14","14","14","14","14","14","14","14","14","14","14","14","14","14","14",NA,NA,NA,NA,"CA","rex sole","rex_sole",NA,NA,"700","total_catch_wt_kg ~ 0 + factor(year) + pass","delta_gamma","TRUE","iid, iid","01_4","sigma_O","2.42973781125471","0.415487480942432","1.73781338209018","3.39715753848101"
"15","15","15","15","15","15","15","15","15","15","15","15","15","15","15","15","15","15","15","15","15","15","15","15","15","15","15","15","15","15","15","15","15","15","15","15","15","15","15","15","15","15","15","15","15","15","15","15","15","15","15","15","15","15","15","15","15","15",NA,NA,NA,NA,"CA","rex sole","rex_sole",NA,NA,"700","total_catch_wt_kg ~ 0 + factor(year) + pass","delta_gamma","TRUE","iid, iid","01_4","sigma_E","2.51265669287849e-06","0.00489269416108594","0","Inf"
"16","16","16","16","16","16","16","16","16","16","16","16","16","16","16","16","16","16","16","16","16","16","16","16","16","16","16","16","16","16","16","16","16","16","16","16","16","16","16","16","16","16","16","16","16","16","16","16","16","16","16","16","16","16","16","16","16",NA,NA,NA,NA,NA,"CA","rex sole","rex_sole",NA,NA,"700","total_catch_wt_kg ~ 0 + factor(year) + pass","delta_gamma","TRUE","iid, iid","01_5","range","1.17489798178746","0.414120055296963","0.588808977633828","2.34436858139533"
"17","17","17","17","17","17","17","17","17","17","17","17","17","17","17","17","17","17","17","17","17","17","17","17","17","17","17","17","17","17","17","17","17","17","17","17","17","17","17","17","17","17","17","17","17","17","17","17","17","17","17","17","17","17","17","17","17",NA,NA,NA,NA,NA,"CA","rex sole","rex_sole",NA,NA,"700","total_catch_wt_kg ~ 0 + factor(year) + pass","delta_gamma","TRUE","iid, iid","01_5","sigma_O","2.62229583327386","0.467170178891311","1.84942820214274","3.71814133105491"
"18","18","18","18","18","18","18","18","18","18","18","18","18","18","18","18","18","18","18","18","18","18","18","18","18","18","18","18","18","18","18","18","18","18","18","18","18","18","18","18","18","18","18","18","18","18","18","18","18","18","18","18","18","18","18","18","18",NA,NA,NA,NA,NA,"CA","rex sole","rex_sole",NA,NA,"700","total_catch_wt_kg ~ 0 + factor(year) + pass","delta_gamma","TRUE","iid, iid","01_5","sigma_E","7.7559679378672e-06","0.00615497043911123","0","Inf"
"19","19","19","19","19","19","19","19","19","19","19","19","19","19","19","19","19","19","19","19","19","19","19","19","19","19","19","19","19","19","19","19","19","19","19","19","19","19","19","19","19","19","19","19","19","19","19","19","19","19","19","19","19","19","19","19",NA,NA,NA,NA,NA,NA,"CA","rex sole","rex_sole",NA,NA,"700","total_catch_wt_kg ~ 0 + factor(year) + pass","delta_gamma","TRUE","iid, iid","01_6","range","0.74542722399371","0.170214077752039","0.476472901765046","1.16619800247312"
"20","20","20","20","20","20","20","20","20","20","20","20","20","20","20","20","20","20","20","20","20","20","20","20","20","20","20","20","20","20","20","20","20","20","20","20","20","20","20","20","20","20","20","20","20","20","20","20","20","20","20","20","20","20","20","20",NA,NA,NA,NA,NA,NA,"CA","rex sole","rex_sole",NA,NA,"700","total_catch_wt_kg ~ 0 + factor(year) + pass","delta_gamma","TRUE","iid, iid","01_6","sigma_O","2.64348849280459","0.40500244557062","1.9577936028842","3.56934020077273"
"21","21","21","21","21","21","21","21","21","21","21","21","21","21","21","21","21","21","21","21","21","21","21","21","21","21","21","21","21","21","21","21","21","21","21","21","21","21","21","21","21","21","21","21","21","21","21","21","21","21","21","21","21","21","21","21",NA,NA,NA,NA,NA,NA,"CA","rex sole","rex_sole",NA,NA,"700","total_catch_wt_kg ~ 0 + factor(year) + pass","delta_gamma","TRUE","iid, iid","01_6","sigma_E","0.000271469530669097","NaN","NaN","NaN"
"22","22","22","22","22","22","22","22","22","22","22","22","22","22","22","22","22","22","22","22","22","22","22","22","22","22","22","22","22","22","22","22","22","22","22","22","22","22","22","22","22","22","22","22","22","22","22","22","22","22","22","22","22","22","22",NA,NA,NA,NA,NA,NA,NA,"CA","rex sole","rex_sole",NA,NA,"700","total_catch_wt_kg ~ 0 + factor(year) + pass","delta_gamma","TRUE","iid, iid","01_7","range","0.777795014167943","0.246624877604617","0.417796099180225","1.44799122167856"
"23","23","23","23","23","23","23","23","23","23","23","23","23","23","23","23","23","23","23","23","23","23","23","23","23","23","23","23","23","23","23","23","23","23","23","23","23","23","23","23","23","23","23","23","23","23","23","23","23","23","23","23","23","23","23",NA,NA,NA,NA,NA,NA,NA,"CA","rex sole","rex_sole",NA,NA,"700","total_catch_wt_kg ~ 0 + factor(year) + pass","delta_gamma","TRUE","iid, iid","01_7","sigma_O","2.90616936554387","0.623452805745859","1.90859996322123","4.42513913024039"
"24","24","24","24","24","24","24","24","24","24","24","24","24","24","24","24","24","24","24","24","24","24","24","24","24","24","24","24","24","24","24","24","24","24","24","24","24","24","24","24","24","24","24","24","24","24","24","24","24","24","24","24","24","24","24",NA,NA,NA,NA,NA,NA,NA,"CA","rex sole","rex_sole",NA,NA,"700","total_catch_wt_kg ~ 0 + factor(year) + pass","delta_gamma","TRUE","iid, iid","01_7","sigma_E","0.000160772092953088","0.131060843582891","0","Inf"
"25","25","25","25","25","25","25","25","25","25","25","25","25","25","25","25","25","25","25","25","25","25","25","25","25","25","25","25","25","25","25","25","25","25","25","25","25","25","25","25","25","25","25","25","25","25","25","25","25","25","25","25","25","25",NA,NA,NA,NA,NA,NA,NA,NA,"CA","rex sole","rex_sole",NA,NA,"700","total_catch_wt_kg ~ 0 + factor(year) + pass","delta_gamma","TRUE","iid, iid","01_8","range","1.06441903883064","0.319355159368825","0.591192100091606","1.91644626179813"
"26","26","26","26","26","26","26","26","26","26","26","26","26","26","26","26","26","26","26","26","26","26","26","26","26","26","26","26","26","26","26","26","26","26","26","26","26","26","26","26","26","26","26","26","26","26","26","26","26","26","26","26","26","26",NA,NA,NA,NA,NA,NA,NA,NA,"CA","rex sole","rex_sole",NA,NA,"700","total_catch_wt_kg ~ 0 + factor(year) + pass","delta_gamma","TRUE","iid, iid","01_8","sigma_O","2.34748297706417","0.393571788300272","1.69002299730963","3.26071085208816"
"27","27","27","27","27","27","27","27","27","27","27","27","27","27","27","27","27","27","27","27","27","27","27","27","27","27","27","27","27","27","27","27","27","27","27","27","27","27","27","27","27","27","27","27","27","27","27","27","27","27","27","27","27","27",NA,NA,NA,NA,NA,NA,NA,NA,"CA","rex sole","rex_sole",NA,NA,"700","total_catch_wt_kg ~ 0 + factor(year) + pass","delta_gamma","TRUE","iid, iid","01_8","sigma_E","9.46480453953793e-05","NaN","NaN","NaN"
"28","28","28","28","28","28","28","28","28","28","28","28","28","28","28","28","28","28","28","28","28","28","28","28","28","28","28","28","28","28","28","28","28","28","28","28","28","28","28","28","28","28","28","28","28","28","28","28","28","28","28","28","28",NA,NA,NA,NA,NA,NA,NA,NA,NA,"CA","rex sole","rex_sole",NA,NA,"700","total_catch_wt_kg ~ 0 + factor(year) + pass","delta_gamma","TRUE","iid, iid","01_9","range","0.680773629844444","0.188851522808378","0.395251264134972","1.17255218931651"
"29","29","29","29","29","29","29","29","29","29","29","29","29","29","29","29","29","29","29","29","29","29","29","29","29","29","29","29","29","29","29","29","29","29","29","29","29","29","29","29","29","29","29","29","29","29","29","29","29","29","29","29","29",NA,NA,NA,NA,NA,NA,NA,NA,NA,"CA","rex sole","rex_sole",NA,NA,"700","total_catch_wt_kg ~ 0 + factor(year) + pass","delta_gamma","TRUE","iid, iid","01_9","sigma_O","2.92143986301102","0.497717196604305","2.09208932916662","4.07956331223662"
"30","30","30","30","30","30","30","30","30","30","30","30","30","30","30","30","30","30","30","30","30","30","30","30","30","30","30","30","30","30","30","30","30","30","30","30","30","30","30","30","30","30","30","30","30","30","30","30","30","30","30","30","30",NA,NA,NA,NA,NA,NA,NA,NA,NA,"CA","rex sole","rex_sole",NA,NA,"700","total_catch_wt_kg ~ 0 + factor(year) + pass","delta_gamma","TRUE","iid, iid","01_9","sigma_E","0.00016414356017054","0.168798581750338","0","Inf"
"31","31","31","31","31","31","31","31","31","31","31","31","31","31","31","31","31","31","31","31","31","31","31","31","31","31","31","31","31","31","31","31","31","31","31","31","31","31","31","31","31","31","31","31","31","31","31","31","31","31","31","31",NA,NA,NA,NA,NA,NA,NA,NA,NA,NA,"CA","rex sole","rex_sole",NA,NA,"700","total_catch_wt_kg ~ 0 + factor(year) + pass","delta_gamma","TRUE","iid, iid","02_1","range","0.567726091187983","0.118841220197713","0.376667507094356","0.855696094154587"
"32","32","32","32","32","32","32","32","32","32","32","32","32","32","32","32","32","32","32","32","32","32","32","32","32","32","32","32","32","32","32","32","32","32","32","32","32","32","32","32","32","32","32","32","32","32","32","32","32","32","32","32",NA,NA,NA,NA,NA,NA,NA,NA,NA,NA,"CA","rex sole","rex_sole",NA,NA,"700","total_catch_wt_kg ~ 0 + factor(year) + pass","delta_gamma","TRUE","iid, iid","02_1","sigma_O","3.39667211194573","0.427470512718779","2.65417821256727","4.34687519528322"
"33","33","33","33","33","33","33","33","33","33","33","33","33","33","33","33","33","33","33","33","33","33","33","33","33","33","33","33","33","33","33","33","33","33","33","33","33","33","33","33","33","33","33","33","33","33","33","33","33","33","33","33",NA,NA,NA,NA,NA,NA,NA,NA,NA,NA,"CA","rex sole","rex_sole",NA,NA,"700","total_catch_wt_kg ~ 0 + factor(year) + pass","delta_gamma","TRUE","iid, iid","02_1","sigma_E","2.79625232166268e-08","NaN","NaN","NaN"
"34","34","34","34","34","34","34","34","34","34","34","34","34","34","34","34","34","34","34","34","34","34","34","34","34","34","34","34","34","34","34","34","34","34","34","34","34","34","34","34","34","34","34","34","34","34","34","34","34","34","34",NA,NA,NA,NA,NA,NA,NA,NA,NA,NA,NA,"CA","rex sole","rex_sole",NA,NA,"700","total_catch_wt_kg ~ 0 + factor(year) + pass","delta_gamma","TRUE","iid, iid","02_10","range","0.765553060787605","0.154458357461203","0.51550924750426","1.13687871113588"
"35","35","35","35","35","35","35","35","35","35","35","35","35","35","35","35","35","35","35","35","35","35","35","35","35","35","35","35","35","35","35","35","35","35","35","35","35","35","35","35","35","35","35","35","35","35","35","35","35","35","35",NA,NA,NA,NA,NA,NA,NA,NA,NA,NA,NA,"CA","rex sole","rex_sole",NA,NA,"700","total_catch_wt_kg ~ 0 + factor(year) + pass","delta_gamma","TRUE","iid, iid","02_10","sigma_O","2.65067153935845","0.322434888801424","2.08839885444526","3.36432841581463"
"36","36","36","36","36","36","36","36","36","36","36","36","36","36","36","36","36","36","36","36","36","36","36","36","36","36","36","36","36","36","36","36","36","36","36","36","36","36","36","36","36","36","36","36","36","36","36","36","36","36","36",NA,NA,NA,NA,NA,NA,NA,NA,NA,NA,NA,"CA","rex sole","rex_sole",NA,NA,"700","total_catch_wt_kg ~ 0 + factor(year) + pass","delta_gamma","TRUE","iid, iid","02_10","sigma_E","0.161430991235132","0.575751670549957","0.00014863949263803","175.323290389714"
"37","37","37","37","37","37","37","37","37","37","37","37","37","37","37","37","37","37","37","37","37","37","37","37","37","37","37","37","37","37","37","37","37","37","37","37","37","37","37","37","37","37","37","37","37","37","37","37","37","37",NA,NA,NA,NA,NA,NA,NA,NA,NA,NA,NA,NA,"CA","rex sole","rex_sole",NA,NA,"700","total_catch_wt_kg ~ 0 + factor(year) + pass","delta_gamma","TRUE","iid, iid","02_2","range","0.734492938006389","0.142729914428588","0.501855141686296","1.07497130380798"
"38","38","38","38","38","38","38","38","38","38","38","38","38","38","38","38","38","38","38","38","38","38","38","38","38","38","38","38","38","38","38","38","38","38","38","38","38","38","38","38","38","38","38","38","38","38","38","38","38","38",NA,NA,NA,NA,NA,NA,NA,NA,NA,NA,NA,NA,"CA","rex sole","rex_sole",NA,NA,"700","total_catch_wt_kg ~ 0 + factor(year) + pass","delta_gamma","TRUE","iid, iid","02_2","sigma_O","3.13818088133745","0.384371367622365","2.46843056738831","3.98965211908377"
"39","39","39","39","39","39","39","39","39","39","39","39","39","39","39","39","39","39","39","39","39","39","39","39","39","39","39","39","39","39","39","39","39","39","39","39","39","39","39","39","39","39","39","39","39","39","39","39","39","39",NA,NA,NA,NA,NA,NA,NA,NA,NA,NA,NA,NA,"CA","rex sole","rex_sole",NA,NA,"700","total_catch_wt_kg ~ 0 + factor(year) + pass","delta_gamma","TRUE","iid, iid","02_2","sigma_E","0.000467059971773652","0.491510163548626","0","Inf"
"40","40","40","40","40","40","40","40","40","40","40","40","40","40","40","40","40","40","40","40","40","40","40","40","40","40","40","40","40","40","40","40","40","40","40","40","40","40","40","40","40","40","40","40","40","40","40","40","40",NA,NA,NA,NA,NA,NA,NA,NA,NA,NA,NA,NA,NA,"CA","rex sole","rex_sole",NA,NA,"700","total_catch_wt_kg ~ 0 + factor(year) + pass","delta_gamma","TRUE","iid, iid","02_3","range","0.620344211344425","0.119146382700588","0.425742247417498","0.903896531018124"
"41","41","41","41","41","41","41","41","41","41","41","41","41","41","41","41","41","41","41","41","41","41","41","41","41","41","41","41","41","41","41","41","41","41","41","41","41","41","41","41","41","41","41","41","41","41","41","41","41",NA,NA,NA,NA,NA,NA,NA,NA,NA,NA,NA,NA,NA,"CA","rex sole","rex_sole",NA,NA,"700","total_catch_wt_kg ~ 0 + factor(year) + pass","delta_gamma","TRUE","iid, iid","02_3","sigma_O","3.11044461328245","0.378804265646932","2.44996132969587","3.94898710237964"
"42","42","42","42","42","42","42","42","42","42","42","42","42","42","42","42","42","42","42","42","42","42","42","42","42","42","42","42","42","42","42","42","42","42","42","42","42","42","42","42","42","42","42","42","42","42","42","42","42",NA,NA,NA,NA,NA,NA,NA,NA,NA,NA,NA,NA,NA,"CA","rex sole","rex_sole",NA,NA,"700","total_catch_wt_kg ~ 0 + factor(year) + pass","delta_gamma","TRUE","iid, iid","02_3","sigma_E","0.000154693853383945","0.15867082861896","0","Inf"
"43","43","43","43","43","43","43","43","43","43","43","43","43","43","43","43","43","43","43","43","43","43","43","43","43","43","43","43","43","43","43","43","43","43","43","43","43","43","43","43","43","43","43","43","43","43","43","43",NA,NA,NA,NA,NA,NA,NA,NA,NA,NA,NA,NA,NA,NA,"CA","rex sole","rex_sole",NA,NA,"700","total_catch_wt_kg ~ 0 + factor(year) + pass","delta_gamma","TRUE","iid, iid","02_4","range","0.66127767077978","0.1167508475958","0.467844251527633","0.934687465848027"
"44","44","44","44","44","44","44","44","44","44","44","44","44","44","44","44","44","44","44","44","44","44","44","44","44","44","44","44","44","44","44","44","44","44","44","44","44","44","44","44","44","44","44","44","44","44","44","44",NA,NA,NA,NA,NA,NA,NA,NA,NA,NA,NA,NA,NA,NA,"CA","rex sole","rex_sole",NA,NA,"700","total_catch_wt_kg ~ 0 + factor(year) + pass","delta_gamma","TRUE","iid, iid","02_4","sigma_O","2.79663334288122","0.31947358320638","2.23562249153268","3.49842519662299"
"45","45","45","45","45","45","45","45","45","45","45","45","45","45","45","45","45","45","45","45","45","45","45","45","45","45","45","45","45","45","45","45","45","45","45","45","45","45","45","45","45","45","45","45","45","45","45","45",NA,NA,NA,NA,NA,NA,NA,NA,NA,NA,NA,NA,NA,NA,"CA","rex sole","rex_sole",NA,NA,"700","total_catch_wt_kg ~ 0 + factor(year) + pass","delta_gamma","TRUE","iid, iid","02_4","sigma_E","0.000124510227552262","0.231196990137376","0","Inf"
"46","46","46","46","46","46","46","46","46","46","46","46","46","46","46","46","46","46","46","46","46","46","46","46","46","46","46","46","46","46","46","46","46","46","46","46","46","46","46","46","46","46","46","46","46","46","46",NA,NA,NA,NA,NA,NA,NA,NA,NA,NA,NA,NA,NA,NA,NA,"CA","rex sole","rex_sole",NA,NA,"700","total_catch_wt_kg ~ 0 + factor(year) + pass","delta_gamma","TRUE","iid, iid","02_5","range","0.627117141174281","0.11906436878038","0.432254647127688","0.909824593831213"
"47","47","47","47","47","47","47","47","47","47","47","47","47","47","47","47","47","47","47","47","47","47","47","47","47","47","47","47","47","47","47","47","47","47","47","47","47","47","47","47","47","47","47","47","47","47","47",NA,NA,NA,NA,NA,NA,NA,NA,NA,NA,NA,NA,NA,NA,NA,"CA","rex sole","rex_sole",NA,NA,"700","total_catch_wt_kg ~ 0 + factor(year) + pass","delta_gamma","TRUE","iid, iid","02_5","sigma_O","3.01596078426316","0.355749921165641","2.39343464086985","3.80040436320731"
"48","48","48","48","48","48","48","48","48","48","48","48","48","48","48","48","48","48","48","48","48","48","48","48","48","48","48","48","48","48","48","48","48","48","48","48","48","48","48","48","48","48","48","48","48","48","48",NA,NA,NA,NA,NA,NA,NA,NA,NA,NA,NA,NA,NA,NA,NA,"CA","rex sole","rex_sole",NA,NA,"700","total_catch_wt_kg ~ 0 + factor(year) + pass","delta_gamma","TRUE","iid, iid","02_5","sigma_E","0.000113422162692783","0.120413183772966","0","Inf"
"49","49","49","49","49","49","49","49","49","49","49","49","49","49","49","49","49","49","49","49","49","49","49","49","49","49","49","49","49","49","49","49","49","49","49","49","49","49","49","49","49","49","49","49","49","49",NA,NA,NA,NA,NA,NA,NA,NA,NA,NA,NA,NA,NA,NA,NA,NA,"CA","rex sole","rex_sole",NA,NA,"700","total_catch_wt_kg ~ 0 + factor(year) + pass","delta_gamma","TRUE","iid, iid","02_6","range","0.610583874391229","0.112318527715171","0.425759691425858","0.8756410603786"
"50","50","50","50","50","50","50","50","50","50","50","50","50","50","50","50","50","50","50","50","50","50","50","50","50","50","50","50","50","50","50","50","50","50","50","50","50","50","50","50","50","50","50","50","50","50",NA,NA,NA,NA,NA,NA,NA,NA,NA,NA,NA,NA,NA,NA,NA,NA,"CA","rex sole","rex_sole",NA,NA,"700","total_catch_wt_kg ~ 0 + factor(year) + pass","delta_gamma","TRUE","iid, iid","02_6","sigma_O","2.75891677398713","0.298109746275631","2.23235655199425","3.40968012434563"
"51","51","51","51","51","51","51","51","51","51","51","51","51","51","51","51","51","51","51","51","51","51","51","51","51","51","51","51","51","51","51","51","51","51","51","51","51","51","51","51","51","51","51","51","51","51",NA,NA,NA,NA,NA,NA,NA,NA,NA,NA,NA,NA,NA,NA,NA,NA,"CA","rex sole","rex_sole",NA,NA,"700","total_catch_wt_kg ~ 0 + factor(year) + pass","delta_gamma","TRUE","iid, iid","02_6","sigma_E","0.000170295161557313","0.197485484289644","0","Inf"
"52","52","52","52","52","52","52","52","52","52","52","52","52","52","52","52","52","52","52","52","52","52","52","52","52","52","52","52","52","52","52","52","52","52","52","52","52","52","52","52","52","52","52","52","52",NA,NA,NA,NA,NA,NA,NA,NA,NA,NA,NA,NA,NA,NA,NA,NA,NA,"CA","rex sole","rex_sole",NA,NA,"700","total_catch_wt_kg ~ 0 + factor(year) + pass","delta_gamma","TRUE","iid, iid","02_7","range","0.447636038962735","0.0764640329866072","0.320276440467478","0.625640846656636"
"53","53","53","53","53","53","53","53","53","53","53","53","53","53","53","53","53","53","53","53","53","53","53","53","53","53","53","53","53","53","53","53","53","53","53","53","53","53","53","53","53","53","53","53","53",NA,NA,NA,NA,NA,NA,NA,NA,NA,NA,NA,NA,NA,NA,NA,NA,NA,"CA","rex sole","rex_sole",NA,NA,"700","total_catch_wt_kg ~ 0 + factor(year) + pass","delta_gamma","TRUE","iid, iid","02_7","sigma_O","3.84833646104165","0.427474255198744","3.0954324979868","4.78436972119871"
"54","54","54","54","54","54","54","54","54","54","54","54","54","54","54","54","54","54","54","54","54","54","54","54","54","54","54","54","54","54","54","54","54","54","54","54","54","54","54","54","54","54","54","54","54",NA,NA,NA,NA,NA,NA,NA,NA,NA,NA,NA,NA,NA,NA,NA,NA,NA,"CA","rex sole","rex_sole",NA,NA,"700","total_catch_wt_kg ~ 0 + factor(year) + pass","delta_gamma","TRUE","iid, iid","02_7","sigma_E","0.00018860196488918","0.159113678030037","0","Inf"
"55","55","55","55","55","55","55","55","55","55","55","55","55","55","55","55","55","55","55","55","55","55","55","55","55","55","55","55","55","55","55","55","55","55","55","55","55","55","55","55","55","55","55","55",NA,NA,NA,NA,NA,NA,NA,NA,NA,NA,NA,NA,NA,NA,NA,NA,NA,NA,"CA","rex sole","rex_sole",NA,NA,"700","total_catch_wt_kg ~ 0 + factor(year) + pass","delta_gamma","TRUE","iid, iid","02_8","range","0.740886729423512","0.151734526564024","0.495934907098153","1.10682498444747"
"56","56","56","56","56","56","56","56","56","56","56","56","56","56","56","56","56","56","56","56","56","56","56","56","56","56","56","56","56","56","56","56","56","56","56","56","56","56","56","56","56","56","56","56",NA,NA,NA,NA,NA,NA,NA,NA,NA,NA,NA,NA,NA,NA,NA,NA,NA,NA,"CA","rex sole","rex_sole",NA,NA,"700","total_catch_wt_kg ~ 0 + factor(year) + pass","delta_gamma","TRUE","iid, iid","02_8","sigma_O","3.08781538816473","0.414391905610788","2.37365790641652","4.01683993536423"
"57","57","57","57","57","57","57","57","57","57","57","57","57","57","57","57","57","57","57","57","57","57","57","57","57","57","57","57","57","57","57","57","57","57","57","57","57","57","57","57","57","57","57","57",NA,NA,NA,NA,NA,NA,NA,NA,NA,NA,NA,NA,NA,NA,NA,NA,NA,NA,"CA","rex sole","rex_sole",NA,NA,"700","total_catch_wt_kg ~ 0 + factor(year) + pass","delta_gamma","TRUE","iid, iid","02_8","sigma_E","0.000146004744958775","0.141305960067483","0","Inf"
"58","58","58","58","58","58","58","58","58","58","58","58","58","58","58","58","58","58","58","58","58","58","58","58","58","58","58","58","58","58","58","58","58","58","58","58","58","58","58","58","58","58","58",NA,NA,NA,NA,NA,NA,NA,NA,NA,NA,NA,NA,NA,NA,NA,NA,NA,NA,NA,"CA","rex sole","rex_sole",NA,NA,"700","total_catch_wt_kg ~ 0 + factor(year) + pass","delta_gamma","TRUE","iid, iid","02_9","range","0.649399371122921","0.1289211415861","0.440076538391925","0.958286812461855"
"59","59","59","59","59","59","59","59","59","59","59","59","59","59","59","59","59","59","59","59","59","59","59","59","59","59","59","59","59","59","59","59","59","59","59","59","59","59","59","59","59","59","59",NA,NA,NA,NA,NA,NA,NA,NA,NA,NA,NA,NA,NA,NA,NA,NA,NA,NA,NA,"CA","rex sole","rex_sole",NA,NA,"700","total_catch_wt_kg ~ 0 + factor(year) + pass","delta_gamma","TRUE","iid, iid","02_9","sigma_O","2.96339834921707","0.351677230736993","2.34841507779787","3.73942828896208"
"60","60","60","60","60","60","60","60","60","60","60","60","60","60","60","60","60","60","60","60","60","60","60","60","60","60","60","60","60","60","60","60","60","60","60","60","60","60","60","60","60","60","60",NA,NA,NA,NA,NA,NA,NA,NA,NA,NA,NA,NA,NA,NA,NA,NA,NA,NA,NA,"CA","rex sole","rex_sole",NA,NA,"700","total_catch_wt_kg ~ 0 + factor(year) + pass","delta_gamma","TRUE","iid, iid","02_9","sigma_E","0.000182647657526624","0.193226347484602","0","Inf"
"61","61","61","61","61","61","61","61","61","61","61","61","61","61","61","61","61","61","61","61","61","61","61","61","61","61","61","61","61","61","61","61","61","61","61","61","61","61","61","61","61","61",NA,NA,NA,NA,NA,NA,NA,NA,NA,NA,NA,NA,NA,NA,NA,NA,NA,NA,NA,NA,"CA","rex sole","rex_sole",NA,NA,"700","total_catch_wt_kg ~ 0 + factor(year) + pass","delta_gamma","TRUE","iid, iid","03_1","range","0.564860142469388","0.0982317500288646","0.401710430269614","0.794271088097939"
"62","62","62","62","62","62","62","62","62","62","62","62","62","62","62","62","62","62","62","62","62","62","62","62","62","62","62","62","62","62","62","62","62","62","62","62","62","62","62","62","62","62",NA,NA,NA,NA,NA,NA,NA,NA,NA,NA,NA,NA,NA,NA,NA,NA,NA,NA,NA,NA,"CA","rex sole","rex_sole",NA,NA,"700","total_catch_wt_kg ~ 0 + factor(year) + pass","delta_gamma","TRUE","iid, iid","03_1","sigma_O","3.55588392273501","0.382362000606836","2.88017183847884","4.39012363881851"
"63","63","63","63","63","63","63","63","63","63","63","63","63","63","63","63","63","63","63","63","63","63","63","63","63","63","63","63","63","63","63","63","63","63","63","63","63","63","63","63","63","63",NA,NA,NA,NA,NA,NA,NA,NA,NA,NA,NA,NA,NA,NA,NA,NA,NA,NA,NA,NA,"CA","rex sole","rex_sole",NA,NA,"700","total_catch_wt_kg ~ 0 + factor(year) + pass","delta_gamma","TRUE","iid, iid","03_1","sigma_E","0.000259938357277075","0.225671067961575","0","Inf"
"64","64","64","64","64","64","64","64","64","64","64","64","64","64","64","64","64","64","64","64","64","64","64","64","64","64","64","64","64","64","64","64","64","64","64","64","64","64","64","64","64",NA,NA,NA,NA,NA,NA,NA,NA,NA,NA,NA,NA,NA,NA,NA,NA,NA,NA,NA,NA,NA,"CA","rex sole","rex_sole",NA,NA,"700","total_catch_wt_kg ~ 0 + factor(year) + pass","delta_gamma","TRUE","iid, iid","03_10","range","0.672097851800087","0.128518264196244","0.4620256766101","0.977684889092195"
"65","65","65","65","65","65","65","65","65","65","65","65","65","65","65","65","65","65","65","65","65","65","65","65","65","65","65","65","65","65","65","65","65","65","65","65","65","65","65","65","65",NA,NA,NA,NA,NA,NA,NA,NA,NA,NA,NA,NA,NA,NA,NA,NA,NA,NA,NA,NA,NA,"CA","rex sole","rex_sole",NA,NA,"700","total_catch_wt_kg ~ 0 + factor(year) + pass","delta_gamma","TRUE","iid, iid","03_10","sigma_O","3.33588408468497","0.410035068429807","2.62170769910269","4.24460843985896"
"66","66","66","66","66","66","66","66","66","66","66","66","66","66","66","66","66","66","66","66","66","66","66","66","66","66","66","66","66","66","66","66","66","66","66","66","66","66","66","66","66",NA,NA,NA,NA,NA,NA,NA,NA,NA,NA,NA,NA,NA,NA,NA,NA,NA,NA,NA,NA,NA,"CA","rex sole","rex_sole",NA,NA,"700","total_catch_wt_kg ~ 0 + factor(year) + pass","delta_gamma","TRUE","iid, iid","03_10","sigma_E","0.417682717278141","0.190909932599602","0.170525150624572","1.02306816134671"
"67","67","67","67","67","67","67","67","67","67","67","67","67","67","67","67","67","67","67","67","67","67","67","67","67","67","67","67","67","67","67","67","67","67","67","67","67","67","67","67",NA,NA,NA,NA,NA,NA,NA,NA,NA,NA,NA,NA,NA,NA,NA,NA,NA,NA,NA,NA,NA,NA,"CA","rex sole","rex_sole",NA,NA,"700","total_catch_wt_kg ~ 0 + factor(year) + pass","delta_gamma","TRUE","iid, iid","03_2","range","0.669091267549386","0.117365809001948","0.474433613006162","0.943615949709343"
"68","68","68","68","68","68","68","68","68","68","68","68","68","68","68","68","68","68","68","68","68","68","68","68","68","68","68","68","68","68","68","68","68","68","68","68","68","68","68","68",NA,NA,NA,NA,NA,NA,NA,NA,NA,NA,NA,NA,NA,NA,NA,NA,NA,NA,NA,NA,NA,NA,"CA","rex sole","rex_sole",NA,NA,"700","total_catch_wt_kg ~ 0 + factor(year) + pass","delta_gamma","TRUE","iid, iid","03_2","sigma_O","3.16842814012492","0.359762417024463","2.5362573060795","3.95816972318689"
"69","69","69","69","69","69","69","69","69","69","69","69","69","69","69","69","69","69","69","69","69","69","69","69","69","69","69","69","69","69","69","69","69","69","69","69","69","69","69","69",NA,NA,NA,NA,NA,NA,NA,NA,NA,NA,NA,NA,NA,NA,NA,NA,NA,NA,NA,NA,NA,NA,"CA","rex sole","rex_sole",NA,NA,"700","total_catch_wt_kg ~ 0 + factor(year) + pass","delta_gamma","TRUE","iid, iid","03_2","sigma_E","0.00028488091854825","0.302070503854638","0","Inf"
"70","70","70","70","70","70","70","70","70","70","70","70","70","70","70","70","70","70","70","70","70","70","70","70","70","70","70","70","70","70","70","70","70","70","70","70","70","70","70",NA,NA,NA,NA,NA,NA,NA,NA,NA,NA,NA,NA,NA,NA,NA,NA,NA,NA,NA,NA,NA,NA,NA,"CA","rex sole","rex_sole",NA,NA,"700","total_catch_wt_kg ~ 0 + factor(year) + pass","delta_gamma","TRUE","iid, iid","03_3","range","0.586321212465605","0.101895754434284","0.41706789063953","0.824260442730314"
"71","71","71","71","71","71","71","71","71","71","71","71","71","71","71","71","71","71","71","71","71","71","71","71","71","71","71","71","71","71","71","71","71","71","71","71","71","71","71",NA,NA,NA,NA,NA,NA,NA,NA,NA,NA,NA,NA,NA,NA,NA,NA,NA,NA,NA,NA,NA,NA,NA,"CA","rex sole","rex_sole",NA,NA,"700","total_catch_wt_kg ~ 0 + factor(year) + pass","delta_gamma","TRUE","iid, iid","03_3","sigma_O","3.52393270526791","0.386886735187278","2.84168280056542","4.3699816562165"
"72","72","72","72","72","72","72","72","72","72","72","72","72","72","72","72","72","72","72","72","72","72","72","72","72","72","72","72","72","72","72","72","72","72","72","72","72","72","72",NA,NA,NA,NA,NA,NA,NA,NA,NA,NA,NA,NA,NA,NA,NA,NA,NA,NA,NA,NA,NA,NA,NA,"CA","rex sole","rex_sole",NA,NA,"700","total_catch_wt_kg ~ 0 + factor(year) + pass","delta_gamma","TRUE","iid, iid","03_3","sigma_E","0.000199702750294568","0.214521706024664","0","Inf"
"73","73","73","73","73","73","73","73","73","73","73","73","73","73","73","73","73","73","73","73","73","73","73","73","73","73","73","73","73","73","73","73","73","73","73","73","73","73",NA,NA,NA,NA,NA,NA,NA,NA,NA,NA,NA,NA,NA,NA,NA,NA,NA,NA,NA,NA,NA,NA,NA,NA,"CA","rex sole","rex_sole",NA,NA,"700","total_catch_wt_kg ~ 0 + factor(year) + pass","delta_gamma","TRUE","iid, iid","03_4","range","0.575914873192153","0.093449686843378","0.41902483241882","0.791547219885092"
"74","74","74","74","74","74","74","74","74","74","74","74","74","74","74","74","74","74","74","74","74","74","74","74","74","74","74","74","74","74","74","74","74","74","74","74","74","74",NA,NA,NA,NA,NA,NA,NA,NA,NA,NA,NA,NA,NA,NA,NA,NA,NA,NA,NA,NA,NA,NA,NA,NA,"CA","rex sole","rex_sole",NA,NA,"700","total_catch_wt_kg ~ 0 + factor(year) + pass","delta_gamma","TRUE","iid, iid","03_4","sigma_O","3.47548794621003","0.367318444506738","2.82522951575589","4.27541068677371"
"75","75","75","75","75","75","75","75","75","75","75","75","75","75","75","75","75","75","75","75","75","75","75","75","75","75","75","75","75","75","75","75","75","75","75","75","75","75",NA,NA,NA,NA,NA,NA,NA,NA,NA,NA,NA,NA,NA,NA,NA,NA,NA,NA,NA,NA,NA,NA,NA,NA,"CA","rex sole","rex_sole",NA,NA,"700","total_catch_wt_kg ~ 0 + factor(year) + pass","delta_gamma","TRUE","iid, iid","03_4","sigma_E","0.00018432586711237","0.200155637417604","0","Inf"
"76","76","76","76","76","76","76","76","76","76","76","76","76","76","76","76","76","76","76","76","76","76","76","76","76","76","76","76","76","76","76","76","76","76","76","76","76",NA,NA,NA,NA,NA,NA,NA,NA,NA,NA,NA,NA,NA,NA,NA,NA,NA,NA,NA,NA,NA,NA,NA,NA,NA,"CA","rex sole","rex_sole",NA,NA,"700","total_catch_wt_kg ~ 0 + factor(year) + pass","delta_gamma","TRUE","iid, iid","03_5","range","0.826026562964509","0.180353670937559","0.538447874298484","1.26719765327687"
"77","77","77","77","77","77","77","77","77","77","77","77","77","77","77","77","77","77","77","77","77","77","77","77","77","77","77","77","77","77","77","77","77","77","77","77","77",NA,NA,NA,NA,NA,NA,NA,NA,NA,NA,NA,NA,NA,NA,NA,NA,NA,NA,NA,NA,NA,NA,NA,NA,NA,"CA","rex sole","rex_sole",NA,NA,"700","total_catch_wt_kg ~ 0 + factor(year) + pass","delta_gamma","TRUE","iid, iid","03_5","sigma_O","3.79013704299412","0.568163027101753","2.82523759707655","5.08457724742893"
"78","78","78","78","78","78","78","78","78","78","78","78","78","78","78","78","78","78","78","78","78","78","78","78","78","78","78","78","78","78","78","78","78","78","78","78","78",NA,NA,NA,NA,NA,NA,NA,NA,NA,NA,NA,NA,NA,NA,NA,NA,NA,NA,NA,NA,NA,NA,NA,NA,NA,"CA","rex sole","rex_sole",NA,NA,"700","total_catch_wt_kg ~ 0 + factor(year) + pass","delta_gamma","TRUE","iid, iid","03_5","sigma_E","0.000166762614826274","0.143101116236631","0","Inf"
"79","79","79","79","79","79","79","79","79","79","79","79","79","79","79","79","79","79","79","79","79","79","79","79","79","79","79","79","79","79","79","79","79","79","79","79",NA,NA,NA,NA,NA,NA,NA,NA,NA,NA,NA,NA,NA,NA,NA,NA,NA,NA,NA,NA,NA,NA,NA,NA,NA,NA,"CA","rex sole","rex_sole",NA,NA,"700","total_catch_wt_kg ~ 0 + factor(year) + pass","delta_gamma","TRUE","iid, iid","03_6","range","0.676704785028932","0.118174127745783","0.480565344419621","0.952897189526004"
"80","80","80","80","80","80","80","80","80","80","80","80","80","80","80","80","80","80","80","80","80","80","80","80","80","80","80","80","80","80","80","80","80","80","80","80",NA,NA,NA,NA,NA,NA,NA,NA,NA,NA,NA,NA,NA,NA,NA,NA,NA,NA,NA,NA,NA,NA,NA,NA,NA,NA,"CA","rex sole","rex_sole",NA,NA,"700","total_catch_wt_kg ~ 0 + factor(year) + pass","delta_gamma","TRUE","iid, iid","03_6","sigma_O","3.22291997846592","0.36883649912902","2.5753517552103","4.03331823180268"
"81","81","81","81","81","81","81","81","81","81","81","81","81","81","81","81","81","81","81","81","81","81","81","81","81","81","81","81","81","81","81","81","81","81","81","81",NA,NA,NA,NA,NA,NA,NA,NA,NA,NA,NA,NA,NA,NA,NA,NA,NA,NA,NA,NA,NA,NA,NA,NA,NA,NA,"CA","rex sole","rex_sole",NA,NA,"700","total_catch_wt_kg ~ 0 + factor(year) + pass","delta_gamma","TRUE","iid, iid","03_6","sigma_E","0.000236031322569833","0.19239731350416","0","Inf"
"82","82","82","82","82","82","82","82","82","82","82","82","82","82","82","82","82","82","82","82","82","82","82","82","82","82","82","82","82","82","82","82","82","82","82",NA,NA,NA,NA,NA,NA,NA,NA,NA,NA,NA,NA,NA,NA,NA,NA,NA,NA,NA,NA,NA,NA,NA,NA,NA,NA,NA,"CA","rex sole","rex_sole",NA,NA,"700","total_catch_wt_kg ~ 0 + factor(year) + pass","delta_gamma","TRUE","iid, iid","03_7","range","0.642280220446328","0.117613406868634","0.448594326193674","0.919592285254368"
"83","83","83","83","83","83","83","83","83","83","83","83","83","83","83","83","83","83","83","83","83","83","83","83","83","83","83","83","83","83","83","83","83","83","83",NA,NA,NA,NA,NA,NA,NA,NA,NA,NA,NA,NA,NA,NA,NA,NA,NA,NA,NA,NA,NA,NA,NA,NA,NA,NA,NA,"CA","rex sole","rex_sole",NA,NA,"700","total_catch_wt_kg ~ 0 + factor(year) + pass","delta_gamma","TRUE","iid, iid","03_7","sigma_O","3.93371656651226","0.46841069398308","3.11491002626315","4.96776019056218"
"84","84","84","84","84","84","84","84","84","84","84","84","84","84","84","84","84","84","84","84","84","84","84","84","84","84","84","84","84","84","84","84","84","84","84",NA,NA,NA,NA,NA,NA,NA,NA,NA,NA,NA,NA,NA,NA,NA,NA,NA,NA,NA,NA,NA,NA,NA,NA,NA,NA,NA,"CA","rex sole","rex_sole",NA,NA,"700","total_catch_wt_kg ~ 0 + factor(year) + pass","delta_gamma","TRUE","iid, iid","03_7","sigma_E","0.000155406508965758","0.149099673274392","0","Inf"
"85","85","85","85","85","85","85","85","85","85","85","85","85","85","85","85","85","85","85","85","85","85","85","85","85","85","85","85","85","85","85","85","85","85",NA,NA,NA,NA,NA,NA,NA,NA,NA,NA,NA,NA,NA,NA,NA,NA,NA,NA,NA,NA,NA,NA,NA,NA,NA,NA,NA,NA,"CA","rex sole","rex_sole",NA,NA,"700","total_catch_wt_kg ~ 0 + factor(year) + pass","delta_gamma","TRUE","iid, iid","03_8","range","0.751360674402218","0.152569467905914","0.504667745958539","1.11864264669004"
"86","86","86","86","86","86","86","86","86","86","86","86","86","86","86","86","86","86","86","86","86","86","86","86","86","86","86","86","86","86","86","86","86","86",NA,NA,NA,NA,NA,NA,NA,NA,NA,NA,NA,NA,NA,NA,NA,NA,NA,NA,NA,NA,NA,NA,NA,NA,NA,NA,NA,NA,"CA","rex sole","rex_sole",NA,NA,"700","total_catch_wt_kg ~ 0 + factor(year) + pass","delta_gamma","TRUE","iid, iid","03_8","sigma_O","3.67620345193643","0.513466094063122","2.79582335234603","4.83380747524305"
"87","87","87","87","87","87","87","87","87","87","87","87","87","87","87","87","87","87","87","87","87","87","87","87","87","87","87","87","87","87","87","87","87","87",NA,NA,NA,NA,NA,NA,NA,NA,NA,NA,NA,NA,NA,NA,NA,NA,NA,NA,NA,NA,NA,NA,NA,NA,NA,NA,NA,NA,"CA","rex sole","rex_sole",NA,NA,"700","total_catch_wt_kg ~ 0 + factor(year) + pass","delta_gamma","TRUE","iid, iid","03_8","sigma_E","0.000122428559625632","0.122083790140982","0","Inf"
"88","88","88","88","88","88","88","88","88","88","88","88","88","88","88","88","88","88","88","88","88","88","88","88","88","88","88","88","88","88","88","88","88",NA,NA,NA,NA,NA,NA,NA,NA,NA,NA,NA,NA,NA,NA,NA,NA,NA,NA,NA,NA,NA,NA,NA,NA,NA,NA,NA,NA,NA,"CA","rex sole","rex_sole",NA,NA,"700","total_catch_wt_kg ~ 0 + factor(year) + pass","delta_gamma","TRUE","iid, iid","03_9","range","0.764440310529983","0.144787324124312","0.527379706609954","1.1080611958309"
"89","89","89","89","89","89","89","89","89","89","89","89","89","89","89","89","89","89","89","89","89","89","89","89","89","89","89","89","89","89","89","89","89",NA,NA,NA,NA,NA,NA,NA,NA,NA,NA,NA,NA,NA,NA,NA,NA,NA,NA,NA,NA,NA,NA,NA,NA,NA,NA,NA,NA,NA,"CA","rex sole","rex_sole",NA,NA,"700","total_catch_wt_kg ~ 0 + factor(year) + pass","delta_gamma","TRUE","iid, iid","03_9","sigma_O","3.88617621587669","0.527106979010386","2.97898674277318","5.06963168516374"
"90","90","90","90","90","90","90","90","90","90","90","90","90","90","90","90","90","90","90","90","90","90","90","90","90","90","90","90","90","90","90","90","90",NA,NA,NA,NA,NA,NA,NA,NA,NA,NA,NA,NA,NA,NA,NA,NA,NA,NA,NA,NA,NA,NA,NA,NA,NA,NA,NA,NA,NA,"CA","rex sole","rex_sole",NA,NA,"700","total_catch_wt_kg ~ 0 + factor(year) + pass","delta_gamma","TRUE","iid, iid","03_9","sigma_E","0.000187265334484621","0.219375986780155","0","Inf"
"91","91","91","91","91","91","91","91","91","91","91","91","91","91","91","91","91","91","91","91","91","91","91","91","91","91","91","91","91","91","91","91",NA,NA,NA,NA,NA,NA,NA,NA,NA,NA,NA,NA,NA,NA,NA,NA,NA,NA,NA,NA,NA,NA,NA,NA,NA,NA,NA,NA,NA,NA,"CA","rex sole","rex_sole",NA,NA,"700","total_catch_wt_kg ~ 0 + factor(year) + pass","delta_gamma","TRUE","iid, iid","04_1","range","0.55390501216851","0.092488912356858","0.399305194608614","0.768361560650678"
"92","92","92","92","92","92","92","92","92","92","92","92","92","92","92","92","92","92","92","92","92","92","92","92","92","92","92","92","92","92","92","92",NA,NA,NA,NA,NA,NA,NA,NA,NA,NA,NA,NA,NA,NA,NA,NA,NA,NA,NA,NA,NA,NA,NA,NA,NA,NA,NA,NA,NA,NA,"CA","rex sole","rex_sole",NA,NA,"700","total_catch_wt_kg ~ 0 + factor(year) + pass","delta_gamma","TRUE","iid, iid","04_1","sigma_O","4.28136770535513","0.462391571329673","3.4645911756792","5.29069910387463"
"93","93","93","93","93","93","93","93","93","93","93","93","93","93","93","93","93","93","93","93","93","93","93","93","93","93","93","93","93","93","93","93",NA,NA,NA,NA,NA,NA,NA,NA,NA,NA,NA,NA,NA,NA,NA,NA,NA,NA,NA,NA,NA,NA,NA,NA,NA,NA,NA,NA,NA,NA,"CA","rex sole","rex_sole",NA,NA,"700","total_catch_wt_kg ~ 0 + factor(year) + pass","delta_gamma","TRUE","iid, iid","04_1","sigma_E","0.00040854606646369","0.289929913233444","0","Inf"
"94","94","94","94","94","94","94","94","94","94","94","94","94","94","94","94","94","94","94","94","94","94","94","94","94","94","94","94","94","94","94",NA,NA,NA,NA,NA,NA,NA,NA,NA,NA,NA,NA,NA,NA,NA,NA,NA,NA,NA,NA,NA,NA,NA,NA,NA,NA,NA,NA,NA,NA,NA,"CA","rex sole","rex_sole",NA,NA,"700","total_catch_wt_kg ~ 0 + factor(year) + pass","delta_gamma","TRUE","iid, iid","04_10","range","0.709262164497976","0.124537608292184","0.502743421561396","1.00061541616198"
"95","95","95","95","95","95","95","95","95","95","95","95","95","95","95","95","95","95","95","95","95","95","95","95","95","95","95","95","95","95","95",NA,NA,NA,NA,NA,NA,NA,NA,NA,NA,NA,NA,NA,NA,NA,NA,NA,NA,NA,NA,NA,NA,NA,NA,NA,NA,NA,NA,NA,NA,NA,"CA","rex sole","rex_sole",NA,NA,"700","total_catch_wt_kg ~ 0 + factor(year) + pass","delta_gamma","TRUE","iid, iid","04_10","sigma_O","3.55232057447942","0.413115357621849","2.82827796734503","4.4617189716029"
"96","96","96","96","96","96","96","96","96","96","96","96","96","96","96","96","96","96","96","96","96","96","96","96","96","96","96","96","96","96","96",NA,NA,NA,NA,NA,NA,NA,NA,NA,NA,NA,NA,NA,NA,NA,NA,NA,NA,NA,NA,NA,NA,NA,NA,NA,NA,NA,NA,NA,NA,NA,"CA","rex sole","rex_sole",NA,NA,"700","total_catch_wt_kg ~ 0 + factor(year) + pass","delta_gamma","TRUE","iid, iid","04_10","sigma_E","0.461893187961433","0.153177671057211","0.241133488098533","0.884760216291473"
"97","97","97","97","97","97","97","97","97","97","97","97","97","97","97","97","97","97","97","97","97","97","97","97","97","97","97","97","97","97",NA,NA,NA,NA,NA,NA,NA,NA,NA,NA,NA,NA,NA,NA,NA,NA,NA,NA,NA,NA,NA,NA,NA,NA,NA,NA,NA,NA,NA,NA,NA,NA,"CA","rex sole","rex_sole",NA,NA,"700","total_catch_wt_kg ~ 0 + factor(year) + pass","delta_gamma","TRUE","iid, iid","04_2","range","0.609552136030988","0.10386302664353","0.436488311258502","0.851234264369325"
"98","98","98","98","98","98","98","98","98","98","98","98","98","98","98","98","98","98","98","98","98","98","98","98","98","98","98","98","98","98",NA,NA,NA,NA,NA,NA,NA,NA,NA,NA,NA,NA,NA,NA,NA,NA,NA,NA,NA,NA,NA,NA,NA,NA,NA,NA,NA,NA,NA,NA,NA,NA,"CA","rex sole","rex_sole",NA,NA,"700","total_catch_wt_kg ~ 0 + factor(year) + pass","delta_gamma","TRUE","iid, iid","04_2","sigma_O","3.38138402240096","0.357469956771058","2.74857743556384","4.15988203898028"
"99","99","99","99","99","99","99","99","99","99","99","99","99","99","99","99","99","99","99","99","99","99","99","99","99","99","99","99","99","99",NA,NA,NA,NA,NA,NA,NA,NA,NA,NA,NA,NA,NA,NA,NA,NA,NA,NA,NA,NA,NA,NA,NA,NA,NA,NA,NA,NA,NA,NA,NA,NA,"CA","rex sole","rex_sole",NA,NA,"700","total_catch_wt_kg ~ 0 + factor(year) + pass","delta_gamma","TRUE","iid, iid","04_2","sigma_E","0.00116022158844019","0.760430765523578","0","Inf"
"100","100","100","100","100","100","100","100","100","100","100","100","100","100","100","100","100","100","100","100","100","100","100","100","100","100","100","100","100",NA,NA,NA,NA,NA,NA,NA,NA,NA,NA,NA,NA,NA,NA,NA,NA,NA,NA,NA,NA,NA,NA,NA,NA,NA,NA,NA,NA,NA,NA,NA,NA,NA,"CA","rex sole","rex_sole",NA,NA,"700","total_catch_wt_kg ~ 0 + factor(year) + pass","delta_gamma","TRUE","iid, iid","04_3","range","0.681349280097838","0.121266402958691","0.480698899665051","0.965753909179571"
"101","101","101","101","101","101","101","101","101","101","101","101","101","101","101","101","101","101","101","101","101","101","101","101","101","101","101","101","101",NA,NA,NA,NA,NA,NA,NA,NA,NA,NA,NA,NA,NA,NA,NA,NA,NA,NA,NA,NA,NA,NA,NA,NA,NA,NA,NA,NA,NA,NA,NA,NA,NA,"CA","rex sole","rex_sole",NA,NA,"700","total_catch_wt_kg ~ 0 + factor(year) + pass","delta_gamma","TRUE","iid, iid","04_3","sigma_O","4.06092750751687","0.505603733471513","3.18160908110302","5.18326790027577"
"102","102","102","102","102","102","102","102","102","102","102","102","102","102","102","102","102","102","102","102","102","102","102","102","102","102","102","102","102",NA,NA,NA,NA,NA,NA,NA,NA,NA,NA,NA,NA,NA,NA,NA,NA,NA,NA,NA,NA,NA,NA,NA,NA,NA,NA,NA,NA,NA,NA,NA,NA,NA,"CA","rex sole","rex_sole",NA,NA,"700","total_catch_wt_kg ~ 0 + factor(year) + pass","delta_gamma","TRUE","iid, iid","04_3","sigma_E","0.000163223397773985","0.172865277406282","0","Inf"
"103","103","103","103","103","103","103","103","103","103","103","103","103","103","103","103","103","103","103","103","103","103","103","103","103","103","103","103",NA,NA,NA,NA,NA,NA,NA,NA,NA,NA,NA,NA,NA,NA,NA,NA,NA,NA,NA,NA,NA,NA,NA,NA,NA,NA,NA,NA,NA,NA,NA,NA,NA,NA,"CA","rex sole","rex_sole",NA,NA,"700","total_catch_wt_kg ~ 0 + factor(year) + pass","delta_gamma","TRUE","iid, iid","04_4","range","0.599443315156308","0.0963381287182135","0.437470989640904","0.821385409762922"
"104","104","104","104","104","104","104","104","104","104","104","104","104","104","104","104","104","104","104","104","104","104","104","104","104","104","104","104",NA,NA,NA,NA,NA,NA,NA,NA,NA,NA,NA,NA,NA,NA,NA,NA,NA,NA,NA,NA,NA,NA,NA,NA,NA,NA,NA,NA,NA,NA,NA,NA,NA,NA,"CA","rex sole","rex_sole",NA,NA,"700","total_catch_wt_kg ~ 0 + factor(year) + pass","delta_gamma","TRUE","iid, iid","04_4","sigma_O","3.78252270829993","0.398863430811554","3.07626078184019","4.65093145654771"
"105","105","105","105","105","105","105","105","105","105","105","105","105","105","105","105","105","105","105","105","105","105","105","105","105","105","105","105",NA,NA,NA,NA,NA,NA,NA,NA,NA,NA,NA,NA,NA,NA,NA,NA,NA,NA,NA,NA,NA,NA,NA,NA,NA,NA,NA,NA,NA,NA,NA,NA,NA,NA,"CA","rex sole","rex_sole",NA,NA,"700","total_catch_wt_kg ~ 0 + factor(year) + pass","delta_gamma","TRUE","iid, iid","04_4","sigma_E","0.000530724990705436","0.43367851319276","0","Inf"
"106","106","106","106","106","106","106","106","106","106","106","106","106","106","106","106","106","106","106","106","106","106","106","106","106","106","106",NA,NA,NA,NA,NA,NA,NA,NA,NA,NA,NA,NA,NA,NA,NA,NA,NA,NA,NA,NA,NA,NA,NA,NA,NA,NA,NA,NA,NA,NA,NA,NA,NA,NA,NA,"CA","rex sole","rex_sole",NA,NA,"700","total_catch_wt_kg ~ 0 + factor(year) + pass","delta_gamma","TRUE","iid, iid","04_5","range","0.569281573980236","0.105614669837849","0.395739951251977","0.81892543183507"
"107","107","107","107","107","107","107","107","107","107","107","107","107","107","107","107","107","107","107","107","107","107","107","107","107","107","107",NA,NA,NA,NA,NA,NA,NA,NA,NA,NA,NA,NA,NA,NA,NA,NA,NA,NA,NA,NA,NA,NA,NA,NA,NA,NA,NA,NA,NA,NA,NA,NA,NA,NA,NA,"CA","rex sole","rex_sole",NA,NA,"700","total_catch_wt_kg ~ 0 + factor(year) + pass","delta_gamma","TRUE","iid, iid","04_5","sigma_O","3.74716322796296","0.417296508256803","3.0123816150734","4.6611731351493"
"108","108","108","108","108","108","108","108","108","108","108","108","108","108","108","108","108","108","108","108","108","108","108","108","108","108","108",NA,NA,NA,NA,NA,NA,NA,NA,NA,NA,NA,NA,NA,NA,NA,NA,NA,NA,NA,NA,NA,NA,NA,NA,NA,NA,NA,NA,NA,NA,NA,NA,NA,NA,NA,"CA","rex sole","rex_sole",NA,NA,"700","total_catch_wt_kg ~ 0 + factor(year) + pass","delta_gamma","TRUE","iid, iid","04_5","sigma_E","0.000197807774803545","0.165205778205592","0","Inf"
"109","109","109","109","109","109","109","109","109","109","109","109","109","109","109","109","109","109","109","109","109","109","109","109","109","109",NA,NA,NA,NA,NA,NA,NA,NA,NA,NA,NA,NA,NA,NA,NA,NA,NA,NA,NA,NA,NA,NA,NA,NA,NA,NA,NA,NA,NA,NA,NA,NA,NA,NA,NA,NA,"CA","rex sole","rex_sole",NA,NA,"700","total_catch_wt_kg ~ 0 + factor(year) + pass","delta_gamma","TRUE","iid, iid","04_6","range","0.600662634491669","0.0930010330741949","0.443443671985789","0.813622165040242"
"110","110","110","110","110","110","110","110","110","110","110","110","110","110","110","110","110","110","110","110","110","110","110","110","110","110",NA,NA,NA,NA,NA,NA,NA,NA,NA,NA,NA,NA,NA,NA,NA,NA,NA,NA,NA,NA,NA,NA,NA,NA,NA,NA,NA,NA,NA,NA,NA,NA,NA,NA,NA,NA,"CA","rex sole","rex_sole",NA,NA,"700","total_catch_wt_kg ~ 0 + factor(year) + pass","delta_gamma","TRUE","iid, iid","04_6","sigma_O","3.52697768585363","0.357047487695512","2.89222979350866","4.30103155165226"
"111","111","111","111","111","111","111","111","111","111","111","111","111","111","111","111","111","111","111","111","111","111","111","111","111","111",NA,NA,NA,NA,NA,NA,NA,NA,NA,NA,NA,NA,NA,NA,NA,NA,NA,NA,NA,NA,NA,NA,NA,NA,NA,NA,NA,NA,NA,NA,NA,NA,NA,NA,NA,NA,"CA","rex sole","rex_sole",NA,NA,"700","total_catch_wt_kg ~ 0 + factor(year) + pass","delta_gamma","TRUE","iid, iid","04_6","sigma_E","0.000409429670222426","0.261718114645989","0","Inf"
"112","112","112","112","112","112","112","112","112","112","112","112","112","112","112","112","112","112","112","112","112","112","112","112","112",NA,NA,NA,NA,NA,NA,NA,NA,NA,NA,NA,NA,NA,NA,NA,NA,NA,NA,NA,NA,NA,NA,NA,NA,NA,NA,NA,NA,NA,NA,NA,NA,NA,NA,NA,NA,NA,"CA","rex sole","rex_sole",NA,NA,"700","total_catch_wt_kg ~ 0 + factor(year) + pass","delta_gamma","TRUE","iid, iid","04_7","range","0.732686634550738","0.119365523196356","0.532408412642043","1.00830432371514"
"113","113","113","113","113","113","113","113","113","113","113","113","113","113","113","113","113","113","113","113","113","113","113","113","113",NA,NA,NA,NA,NA,NA,NA,NA,NA,NA,NA,NA,NA,NA,NA,NA,NA,NA,NA,NA,NA,NA,NA,NA,NA,NA,NA,NA,NA,NA,NA,NA,NA,NA,NA,NA,NA,"CA","rex sole","rex_sole",NA,NA,"700","total_catch_wt_kg ~ 0 + factor(year) + pass","delta_gamma","TRUE","iid, iid","04_7","sigma_O","4.37050196778868","0.53236464310098","3.44229168626312","5.54900316166428"
"114","114","114","114","114","114","114","114","114","114","114","114","114","114","114","114","114","114","114","114","114","114","114","114","114",NA,NA,NA,NA,NA,NA,NA,NA,NA,NA,NA,NA,NA,NA,NA,NA,NA,NA,NA,NA,NA,NA,NA,NA,NA,NA,NA,NA,NA,NA,NA,NA,NA,NA,NA,NA,NA,"CA","rex sole","rex_sole",NA,NA,"700","total_catch_wt_kg ~ 0 + factor(year) + pass","delta_gamma","TRUE","iid, iid","04_7","sigma_E","0.000174361730795554","0.174488964126436","0","Inf"
"115","115","115","115","115","115","115","115","115","115","115","115","115","115","115","115","115","115","115","115","115","115","115","115",NA,NA,NA,NA,NA,NA,NA,NA,NA,NA,NA,NA,NA,NA,NA,NA,NA,NA,NA,NA,NA,NA,NA,NA,NA,NA,NA,NA,NA,NA,NA,NA,NA,NA,NA,NA,NA,NA,"CA","rex sole","rex_sole",NA,NA,"700","total_catch_wt_kg ~ 0 + factor(year) + pass","delta_gamma","TRUE","iid, iid","04_8","range","0.699768895106005","0.119267005324821","0.501046226353871","0.97730804225644"
"116","116","116","116","116","116","116","116","116","116","116","116","116","116","116","116","116","116","116","116","116","116","116","116",NA,NA,NA,NA,NA,NA,NA,NA,NA,NA,NA,NA,NA,NA,NA,NA,NA,NA,NA,NA,NA,NA,NA,NA,NA,NA,NA,NA,NA,NA,NA,NA,NA,NA,NA,NA,NA,NA,"CA","rex sole","rex_sole",NA,NA,"700","total_catch_wt_kg ~ 0 + factor(year) + pass","delta_gamma","TRUE","iid, iid","04_8","sigma_O","3.76528562742582","0.458053649568061","2.96652323870197","4.77912179184643"
"117","117","117","117","117","117","117","117","117","117","117","117","117","117","117","117","117","117","117","117","117","117","117","117",NA,NA,NA,NA,NA,NA,NA,NA,NA,NA,NA,NA,NA,NA,NA,NA,NA,NA,NA,NA,NA,NA,NA,NA,NA,NA,NA,NA,NA,NA,NA,NA,NA,NA,NA,NA,NA,NA,"CA","rex sole","rex_sole",NA,NA,"700","total_catch_wt_kg ~ 0 + factor(year) + pass","delta_gamma","TRUE","iid, iid","04_8","sigma_E","0.000271594110631798","0.206264533556215","0","Inf"
"118","118","118","118","118","118","118","118","118","118","118","118","118","118","118","118","118","118","118","118","118","118","118",NA,NA,NA,NA,NA,NA,NA,NA,NA,NA,NA,NA,NA,NA,NA,NA,NA,NA,NA,NA,NA,NA,NA,NA,NA,NA,NA,NA,NA,NA,NA,NA,NA,NA,NA,NA,NA,NA,NA,"CA","rex sole","rex_sole",NA,NA,"700","total_catch_wt_kg ~ 0 + factor(year) + pass","delta_gamma","TRUE","iid, iid","04_9","range","0.631766149467881","0.100597074122666","0.462400452555883","0.863166256450055"
"119","119","119","119","119","119","119","119","119","119","119","119","119","119","119","119","119","119","119","119","119","119","119",NA,NA,NA,NA,NA,NA,NA,NA,NA,NA,NA,NA,NA,NA,NA,NA,NA,NA,NA,NA,NA,NA,NA,NA,NA,NA,NA,NA,NA,NA,NA,NA,NA,NA,NA,NA,NA,NA,NA,"CA","rex sole","rex_sole",NA,NA,"700","total_catch_wt_kg ~ 0 + factor(year) + pass","delta_gamma","TRUE","iid, iid","04_9","sigma_O","3.82108683143119","0.415698734829","3.08733737036645","4.72922224615959"
"120","120","120","120","120","120","120","120","120","120","120","120","120","120","120","120","120","120","120","120","120","120","120",NA,NA,NA,NA,NA,NA,NA,NA,NA,NA,NA,NA,NA,NA,NA,NA,NA,NA,NA,NA,NA,NA,NA,NA,NA,NA,NA,NA,NA,NA,NA,NA,NA,NA,NA,NA,NA,NA,NA,"CA","rex sole","rex_sole",NA,NA,"700","total_catch_wt_kg ~ 0 + factor(year) + pass","delta_gamma","TRUE","iid, iid","04_9","sigma_E","0.000386243369173363","0.262897655963561","0","Inf"
"121","121","121","121","121","121","121","121","121","121","121","121","121","121","121","121","121","121","121","121","121","121",NA,NA,NA,NA,NA,NA,NA,NA,NA,NA,NA,NA,NA,NA,NA,NA,NA,NA,NA,NA,NA,NA,NA,NA,NA,NA,NA,NA,NA,NA,NA,NA,NA,NA,NA,NA,NA,NA,NA,NA,"CA","rex sole","rex_sole",NA,NA,"700","total_catch_wt_kg ~ 0 + factor(year) + pass","delta_gamma","TRUE","iid, iid","05_1","range","0.91930900249719","0.169097293389829","0.641049957521769","1.3183512956456"
"122","122","122","122","122","122","122","122","122","122","122","122","122","122","122","122","122","122","122","122","122","122",NA,NA,NA,NA,NA,NA,NA,NA,NA,NA,NA,NA,NA,NA,NA,NA,NA,NA,NA,NA,NA,NA,NA,NA,NA,NA,NA,NA,NA,NA,NA,NA,NA,NA,NA,NA,NA,NA,NA,NA,"CA","rex sole","rex_sole",NA,NA,"700","total_catch_wt_kg ~ 0 + factor(year) + pass","delta_gamma","TRUE","iid, iid","05_1","sigma_O","5.29276373000863","0.788324418294824","3.95276779794868","7.08702087591196"
"123","123","123","123","123","123","123","123","123","123","123","123","123","123","123","123","123","123","123","123","123","123",NA,NA,NA,NA,NA,NA,NA,NA,NA,NA,NA,NA,NA,NA,NA,NA,NA,NA,NA,NA,NA,NA,NA,NA,NA,NA,NA,NA,NA,NA,NA,NA,NA,NA,NA,NA,NA,NA,NA,NA,"CA","rex sole","rex_sole",NA,NA,"700","total_catch_wt_kg ~ 0 + factor(year) + pass","delta_gamma","TRUE","iid, iid","05_1","sigma_E","0.000746650453292812","0.795780143081917","0","Inf"
"124","124","124","124","124","124","124","124","124","124","124","124","124","124","124","124","124","124","124","124","124",NA,NA,NA,NA,NA,NA,NA,NA,NA,NA,NA,NA,NA,NA,NA,NA,NA,NA,NA,NA,NA,NA,NA,NA,NA,NA,NA,NA,NA,NA,NA,NA,NA,NA,NA,NA,NA,NA,NA,NA,NA,"CA","rex sole","rex_sole",NA,NA,"700","total_catch_wt_kg ~ 0 + factor(year) + pass","delta_gamma","TRUE","iid, iid","05_10","range","0.656924571071285","0.118047088100585","0.461910158744467","0.934272355581443"
"125","125","125","125","125","125","125","125","125","125","125","125","125","125","125","125","125","125","125","125","125",NA,NA,NA,NA,NA,NA,NA,NA,NA,NA,NA,NA,NA,NA,NA,NA,NA,NA,NA,NA,NA,NA,NA,NA,NA,NA,NA,NA,NA,NA,NA,NA,NA,NA,NA,NA,NA,NA,NA,NA,NA,"CA","rex sole","rex_sole",NA,NA,"700","total_catch_wt_kg ~ 0 + factor(year) + pass","delta_gamma","TRUE","iid, iid","05_10","sigma_O","3.81102477855803","0.45001417373027","3.02363960486473","4.80345271288807"
"126","126","126","126","126","126","126","126","126","126","126","126","126","126","126","126","126","126","126","126","126",NA,NA,NA,NA,NA,NA,NA,NA,NA,NA,NA,NA,NA,NA,NA,NA,NA,NA,NA,NA,NA,NA,NA,NA,NA,NA,NA,NA,NA,NA,NA,NA,NA,NA,NA,NA,NA,NA,NA,NA,NA,"CA","rex sole","rex_sole",NA,NA,"700","total_catch_wt_kg ~ 0 + factor(year) + pass","delta_gamma","TRUE","iid, iid","05_10","sigma_E","0.355866718065542","0.164956362079472","0.14345854580513","0.88277153735244"
"127","127","127","127","127","127","127","127","127","127","127","127","127","127","127","127","127","127","127","127",NA,NA,NA,NA,NA,NA,NA,NA,NA,NA,NA,NA,NA,NA,NA,NA,NA,NA,NA,NA,NA,NA,NA,NA,NA,NA,NA,NA,NA,NA,NA,NA,NA,NA,NA,NA,NA,NA,NA,NA,NA,NA,"CA","rex sole","rex_sole",NA,NA,"700","total_catch_wt_kg ~ 0 + factor(year) + pass","delta_gamma","TRUE","iid, iid","05_2","range","0.566027394077442","0.0898106996070647","0.414742561166715","0.772496099616149"
"128","128","128","128","128","128","128","128","128","128","128","128","128","128","128","128","128","128","128","128",NA,NA,NA,NA,NA,NA,NA,NA,NA,NA,NA,NA,NA,NA,NA,NA,NA,NA,NA,NA,NA,NA,NA,NA,NA,NA,NA,NA,NA,NA,NA,NA,NA,NA,NA,NA,NA,NA,NA,NA,NA,NA,"CA","rex sole","rex_sole",NA,NA,"700","total_catch_wt_kg ~ 0 + factor(year) + pass","delta_gamma","TRUE","iid, iid","05_2","sigma_O","3.95299242447233","0.3988267074022","3.24374163643545","4.81732235774092"
"129","129","129","129","129","129","129","129","129","129","129","129","129","129","129","129","129","129","129","129",NA,NA,NA,NA,NA,NA,NA,NA,NA,NA,NA,NA,NA,NA,NA,NA,NA,NA,NA,NA,NA,NA,NA,NA,NA,NA,NA,NA,NA,NA,NA,NA,NA,NA,NA,NA,NA,NA,NA,NA,NA,NA,"CA","rex sole","rex_sole",NA,NA,"700","total_catch_wt_kg ~ 0 + factor(year) + pass","delta_gamma","TRUE","iid, iid","05_2","sigma_E","0.00110504436401083","0.431550753740339","0","Inf"
"130","130","130","130","130","130","130","130","130","130","130","130","130","130","130","130","130","130","130",NA,NA,NA,NA,NA,NA,NA,NA,NA,NA,NA,NA,NA,NA,NA,NA,NA,NA,NA,NA,NA,NA,NA,NA,NA,NA,NA,NA,NA,NA,NA,NA,NA,NA,NA,NA,NA,NA,NA,NA,NA,NA,NA,"CA","rex sole","rex_sole",NA,NA,"700","total_catch_wt_kg ~ 0 + factor(year) + pass","delta_gamma","TRUE","iid, iid","05_3","range","0.80296601758439","0.132162662722068","0.58156099192923","1.10866174716511"
"131","131","131","131","131","131","131","131","131","131","131","131","131","131","131","131","131","131","131",NA,NA,NA,NA,NA,NA,NA,NA,NA,NA,NA,NA,NA,NA,NA,NA,NA,NA,NA,NA,NA,NA,NA,NA,NA,NA,NA,NA,NA,NA,NA,NA,NA,NA,NA,NA,NA,NA,NA,NA,NA,NA,NA,"CA","rex sole","rex_sole",NA,NA,"700","total_catch_wt_kg ~ 0 + factor(year) + pass","delta_gamma","TRUE","iid, iid","05_3","sigma_O","4.37117434371275","0.546066727835818","3.42185978259203","5.58385391486119"
"132","132","132","132","132","132","132","132","132","132","132","132","132","132","132","132","132","132","132",NA,NA,NA,NA,NA,NA,NA,NA,NA,NA,NA,NA,NA,NA,NA,NA,NA,NA,NA,NA,NA,NA,NA,NA,NA,NA,NA,NA,NA,NA,NA,NA,NA,NA,NA,NA,NA,NA,NA,NA,NA,NA,NA,"CA","rex sole","rex_sole",NA,NA,"700","total_catch_wt_kg ~ 0 + factor(year) + pass","delta_gamma","TRUE","iid, iid","05_3","sigma_E","0.000390282704444576","0.2512030492736","0","Inf"
"133","133","133","133","133","133","133","133","133","133","133","133","133","133","133","133","133","133",NA,NA,NA,NA,NA,NA,NA,NA,NA,NA,NA,NA,NA,NA,NA,NA,NA,NA,NA,NA,NA,NA,NA,NA,NA,NA,NA,NA,NA,NA,NA,NA,NA,NA,NA,NA,NA,NA,NA,NA,NA,NA,NA,NA,"CA","rex sole","rex_sole",NA,NA,"700","total_catch_wt_kg ~ 0 + factor(year) + pass","delta_gamma","TRUE","iid, iid","05_4","range","0.61394606100418","0.101567457817937","0.443928137433046","0.849078339575621"
"134","134","134","134","134","134","134","134","134","134","134","134","134","134","134","134","134","134",NA,NA,NA,NA,NA,NA,NA,NA,NA,NA,NA,NA,NA,NA,NA,NA,NA,NA,NA,NA,NA,NA,NA,NA,NA,NA,NA,NA,NA,NA,NA,NA,NA,NA,NA,NA,NA,NA,NA,NA,NA,NA,NA,NA,"CA","rex sole","rex_sole",NA,NA,"700","total_catch_wt_kg ~ 0 + factor(year) + pass","delta_gamma","TRUE","iid, iid","05_4","sigma_O","4.64559007241959","0.532940203759323","3.71014933152168","5.81688368648817"
"135","135","135","135","135","135","135","135","135","135","135","135","135","135","135","135","135","135",NA,NA,NA,NA,NA,NA,NA,NA,NA,NA,NA,NA,NA,NA,NA,NA,NA,NA,NA,NA,NA,NA,NA,NA,NA,NA,NA,NA,NA,NA,NA,NA,NA,NA,NA,NA,NA,NA,NA,NA,NA,NA,NA,NA,"CA","rex sole","rex_sole",NA,NA,"700","total_catch_wt_kg ~ 0 + factor(year) + pass","delta_gamma","TRUE","iid, iid","05_4","sigma_E","0.000651107314275268","0.392837798386842","0","Inf"
"136","136","136","136","136","136","136","136","136","136","136","136","136","136","136","136","136",NA,NA,NA,NA,NA,NA,NA,NA,NA,NA,NA,NA,NA,NA,NA,NA,NA,NA,NA,NA,NA,NA,NA,NA,NA,NA,NA,NA,NA,NA,NA,NA,NA,NA,NA,NA,NA,NA,NA,NA,NA,NA,NA,NA,NA,"CA","rex sole","rex_sole",NA,NA,"700","total_catch_wt_kg ~ 0 + factor(year) + pass","delta_gamma","TRUE","iid, iid","05_5","range","0.523354441006348","0.0820073810616456","0.384960622077839","0.711501008707548"
"137","137","137","137","137","137","137","137","137","137","137","137","137","137","137","137","137",NA,NA,NA,NA,NA,NA,NA,NA,NA,NA,NA,NA,NA,NA,NA,NA,NA,NA,NA,NA,NA,NA,NA,NA,NA,NA,NA,NA,NA,NA,NA,NA,NA,NA,NA,NA,NA,NA,NA,NA,NA,NA,NA,NA,NA,"CA","rex sole","rex_sole",NA,NA,"700","total_catch_wt_kg ~ 0 + factor(year) + pass","delta_gamma","TRUE","iid, iid","05_5","sigma_O","4.13389722168295","0.406030258165697","3.41000402274669","5.01146219342964"
"138","138","138","138","138","138","138","138","138","138","138","138","138","138","138","138","138",NA,NA,NA,NA,NA,NA,NA,NA,NA,NA,NA,NA,NA,NA,NA,NA,NA,NA,NA,NA,NA,NA,NA,NA,NA,NA,NA,NA,NA,NA,NA,NA,NA,NA,NA,NA,NA,NA,NA,NA,NA,NA,NA,NA,NA,"CA","rex sole","rex_sole",NA,NA,"700","total_catch_wt_kg ~ 0 + factor(year) + pass","delta_gamma","TRUE","iid, iid","05_5","sigma_E","0.000493709034017449","0.215855634886892","0","Inf"
"139","139","139","139","139","139","139","139","139","139","139","139","139","139","139","139",NA,NA,NA,NA,NA,NA,NA,NA,NA,NA,NA,NA,NA,NA,NA,NA,NA,NA,NA,NA,NA,NA,NA,NA,NA,NA,NA,NA,NA,NA,NA,NA,NA,NA,NA,NA,NA,NA,NA,NA,NA,NA,NA,NA,NA,NA,"CA","rex sole","rex_sole",NA,NA,"700","total_catch_wt_kg ~ 0 + factor(year) + pass","delta_gamma","TRUE","iid, iid","05_6","range","0.668199854108588","0.116825609259907","0.474335275699572","0.94129841887098"
"140","140","140","140","140","140","140","140","140","140","140","140","140","140","140","140",NA,NA,NA,NA,NA,NA,NA,NA,NA,NA,NA,NA,NA,NA,NA,NA,NA,NA,NA,NA,NA,NA,NA,NA,NA,NA,NA,NA,NA,NA,NA,NA,NA,NA,NA,NA,NA,NA,NA,NA,NA,NA,NA,NA,NA,NA,"CA","rex sole","rex_sole",NA,NA,"700","total_catch_wt_kg ~ 0 + factor(year) + pass","delta_gamma","TRUE","iid, iid","05_6","sigma_O","4.5851538490533","0.553754859648516","3.61870532852015","5.80971201324255"
"141","141","141","141","141","141","141","141","141","141","141","141","141","141","141","141",NA,NA,NA,NA,NA,NA,NA,NA,NA,NA,NA,NA,NA,NA,NA,NA,NA,NA,NA,NA,NA,NA,NA,NA,NA,NA,NA,NA,NA,NA,NA,NA,NA,NA,NA,NA,NA,NA,NA,NA,NA,NA,NA,NA,NA,NA,"CA","rex sole","rex_sole",NA,NA,"700","total_catch_wt_kg ~ 0 + factor(year) + pass","delta_gamma","TRUE","iid, iid","05_6","sigma_E","0.000248829899873775","0.158033354366933","0","Inf"
"142","142","142","142","142","142","142","142","142","142","142","142","142","142","142",NA,NA,NA,NA,NA,NA,NA,NA,NA,NA,NA,NA,NA,NA,NA,NA,NA,NA,NA,NA,NA,NA,NA,NA,NA,NA,NA,NA,NA,NA,NA,NA,NA,NA,NA,NA,NA,NA,NA,NA,NA,NA,NA,NA,NA,NA,NA,"CA","rex sole","rex_sole",NA,NA,"700","total_catch_wt_kg ~ 0 + factor(year) + pass","delta_gamma","TRUE","iid, iid","05_7","range","0.68239946352624","0.121182337450991","0.481814660731336","0.966489950957639"
"143","143","143","143","143","143","143","143","143","143","143","143","143","143","143",NA,NA,NA,NA,NA,NA,NA,NA,NA,NA,NA,NA,NA,NA,NA,NA,NA,NA,NA,NA,NA,NA,NA,NA,NA,NA,NA,NA,NA,NA,NA,NA,NA,NA,NA,NA,NA,NA,NA,NA,NA,NA,NA,NA,NA,NA,NA,"CA","rex sole","rex_sole",NA,NA,"700","total_catch_wt_kg ~ 0 + factor(year) + pass","delta_gamma","TRUE","iid, iid","05_7","sigma_O","4.8843401280482","0.612540674151139","3.81994829035447","6.24531451033023"
"144","144","144","144","144","144","144","144","144","144","144","144","144","144","144",NA,NA,NA,NA,NA,NA,NA,NA,NA,NA,NA,NA,NA,NA,NA,NA,NA,NA,NA,NA,NA,NA,NA,NA,NA,NA,NA,NA,NA,NA,NA,NA,NA,NA,NA,NA,NA,NA,NA,NA,NA,NA,NA,NA,NA,NA,NA,"CA","rex sole","rex_sole",NA,NA,"700","total_catch_wt_kg ~ 0 + factor(year) + pass","delta_gamma","TRUE","iid, iid","05_7","sigma_E","0.0730992782046569","0.69154306296915","6.47542518907318e-10","8251974.68586097"
"145","145","145","145","145","145","145","145","145","145","145","145","145","145",NA,NA,NA,NA,NA,NA,NA,NA,NA,NA,NA,NA,NA,NA,NA,NA,NA,NA,NA,NA,NA,NA,NA,NA,NA,NA,NA,NA,NA,NA,NA,NA,NA,NA,NA,NA,NA,NA,NA,NA,NA,NA,NA,NA,NA,NA,NA,NA,"CA","rex sole","rex_sole",NA,NA,"700","total_catch_wt_kg ~ 0 + factor(year) + pass","delta_gamma","TRUE","iid, iid","05_8","range","0.69188847840877","0.141861299882345","0.462924383640586","1.03409905261433"
"146","146","146","146","146","146","146","146","146","146","146","146","146","146",NA,NA,NA,NA,NA,NA,NA,NA,NA,NA,NA,NA,NA,NA,NA,NA,NA,NA,NA,NA,NA,NA,NA,NA,NA,NA,NA,NA,NA,NA,NA,NA,NA,NA,NA,NA,NA,NA,NA,NA,NA,NA,NA,NA,NA,NA,NA,NA,"CA","rex sole","rex_sole",NA,NA,"700","total_catch_wt_kg ~ 0 + factor(year) + pass","delta_gamma","TRUE","iid, iid","05_8","sigma_O","4.13620454303276","0.596463575742182","3.11784151910933","5.48718974872465"
"147","147","147","147","147","147","147","147","147","147","147","147","147","147",NA,NA,NA,NA,NA,NA,NA,NA,NA,NA,NA,NA,NA,NA,NA,NA,NA,NA,NA,NA,NA,NA,NA,NA,NA,NA,NA,NA,NA,NA,NA,NA,NA,NA,NA,NA,NA,NA,NA,NA,NA,NA,NA,NA,NA,NA,NA,NA,"CA","rex sole","rex_sole",NA,NA,"700","total_catch_wt_kg ~ 0 + factor(year) + pass","delta_gamma","TRUE","iid, iid","05_8","sigma_E","0.00099965709182715","0.781662025223895","0","Inf"
"148","148","148","148","148","148","148","148","148","148","148","148","148",NA,NA,NA,NA,NA,NA,NA,NA,NA,NA,NA,NA,NA,NA,NA,NA,NA,NA,NA,NA,NA,NA,NA,NA,NA,NA,NA,NA,NA,NA,NA,NA,NA,NA,NA,NA,NA,NA,NA,NA,NA,NA,NA,NA,NA,NA,NA,NA,NA,"CA","rex sole","rex_sole",NA,NA,"700","total_catch_wt_kg ~ 0 + factor(year) + pass","delta_gamma","TRUE","iid, iid","05_9","range","0.680807630958994","0.118869642199559","0.483508193555513","0.958616702984129"
"149","149","149","149","149","149","149","149","149","149","149","149","149",NA,NA,NA,NA,NA,NA,NA,NA,NA,NA,NA,NA,NA,NA,NA,NA,NA,NA,NA,NA,NA,NA,NA,NA,NA,NA,NA,NA,NA,NA,NA,NA,NA,NA,NA,NA,NA,NA,NA,NA,NA,NA,NA,NA,NA,NA,NA,NA,NA,"CA","rex sole","rex_sole",NA,NA,"700","total_catch_wt_kg ~ 0 + factor(year) + pass","delta_gamma","TRUE","iid, iid","05_9","sigma_O","4.33657009042095","0.518899553071304","3.43000240586665","5.48274838436505"
"150","150","150","150","150","150","150","150","150","150","150","150","150",NA,NA,NA,NA,NA,NA,NA,NA,NA,NA,NA,NA,NA,NA,NA,NA,NA,NA,NA,NA,NA,NA,NA,NA,NA,NA,NA,NA,NA,NA,NA,NA,NA,NA,NA,NA,NA,NA,NA,NA,NA,NA,NA,NA,NA,NA,NA,NA,NA,"CA","rex sole","rex_sole",NA,NA,"700","total_catch_wt_kg ~ 0 + factor(year) + pass","delta_gamma","TRUE","iid, iid","05_9","sigma_E","0.000594703637735844","0.48779300537216","0","Inf"
"151","151","151","151","151","151","151","151","151","151","151","151",NA,NA,NA,NA,NA,NA,NA,NA,NA,NA,NA,NA,NA,NA,NA,NA,NA,NA,NA,NA,NA,NA,NA,NA,NA,NA,NA,NA,NA,NA,NA,NA,NA,NA,NA,NA,NA,NA,NA,NA,NA,NA,NA,NA,NA,NA,NA,NA,NA,NA,"CA","rex sole","rex_sole",NA,NA,"700","total_catch_wt_kg ~ 0 + factor(year) + pass","delta_gamma","TRUE","iid, iid","06_1","range","0.645284690292457","0.103679485142059","0.470962910628899","0.88412977355224"
"152","152","152","152","152","152","152","152","152","152","152","152",NA,NA,NA,NA,NA,NA,NA,NA,NA,NA,NA,NA,NA,NA,NA,NA,NA,NA,NA,NA,NA,NA,NA,NA,NA,NA,NA,NA,NA,NA,NA,NA,NA,NA,NA,NA,NA,NA,NA,NA,NA,NA,NA,NA,NA,NA,NA,NA,NA,NA,"CA","rex sole","rex_sole",NA,NA,"700","total_catch_wt_kg ~ 0 + factor(year) + pass","delta_gamma","TRUE","iid, iid","06_1","sigma_O","4.91535545665864","0.571468544758166","3.91374588757042","6.17329789908828"
"153","153","153","153","153","153","153","153","153","153","153","153",NA,NA,NA,NA,NA,NA,NA,NA,NA,NA,NA,NA,NA,NA,NA,NA,NA,NA,NA,NA,NA,NA,NA,NA,NA,NA,NA,NA,NA,NA,NA,NA,NA,NA,NA,NA,NA,NA,NA,NA,NA,NA,NA,NA,NA,NA,NA,NA,NA,NA,"CA","rex sole","rex_sole",NA,NA,"700","total_catch_wt_kg ~ 0 + factor(year) + pass","delta_gamma","TRUE","iid, iid","06_1","sigma_E","0.244776818824615","0.218327420346738","0.0426133289488198","1.40603169270956"
"154","154","154","154","154","154","154","154","154","154","154",NA,NA,NA,NA,NA,NA,NA,NA,NA,NA,NA,NA,NA,NA,NA,NA,NA,NA,NA,NA,NA,NA,NA,NA,NA,NA,NA,NA,NA,NA,NA,NA,NA,NA,NA,NA,NA,NA,NA,NA,NA,NA,NA,NA,NA,NA,NA,NA,NA,NA,NA,"CA","rex sole","rex_sole",NA,NA,"700","total_catch_wt_kg ~ 0 + factor(year) + pass","delta_gamma","TRUE","iid, iid","06_10","range","1.14423395387976","0.230640870198155","0.770796789801722","1.69859469906212"
"155","155","155","155","155","155","155","155","155","155","155",NA,NA,NA,NA,NA,NA,NA,NA,NA,NA,NA,NA,NA,NA,NA,NA,NA,NA,NA,NA,NA,NA,NA,NA,NA,NA,NA,NA,NA,NA,NA,NA,NA,NA,NA,NA,NA,NA,NA,NA,NA,NA,NA,NA,NA,NA,NA,NA,NA,NA,NA,"CA","rex sole","rex_sole",NA,NA,"700","total_catch_wt_kg ~ 0 + factor(year) + pass","delta_gamma","TRUE","iid, iid","06_10","sigma_O","7.7852979425312","1.3133488254476","5.59346493435477","10.83601394937"
"156","156","156","156","156","156","156","156","156","156","156",NA,NA,NA,NA,NA,NA,NA,NA,NA,NA,NA,NA,NA,NA,NA,NA,NA,NA,NA,NA,NA,NA,NA,NA,NA,NA,NA,NA,NA,NA,NA,NA,NA,NA,NA,NA,NA,NA,NA,NA,NA,NA,NA,NA,NA,NA,NA,NA,NA,NA,NA,"CA","rex sole","rex_sole",NA,NA,"700","total_catch_wt_kg ~ 0 + factor(year) + pass","delta_gamma","TRUE","iid, iid","06_10","sigma_E","0.175582207826883","0.213879500126869","0.0161294021392729","1.91136109318634"
"157","157","157","157","157","157","157","157","157","157",NA,NA,NA,NA,NA,NA,NA,NA,NA,NA,NA,NA,NA,NA,NA,NA,NA,NA,NA,NA,NA,NA,NA,NA,NA,NA,NA,NA,NA,NA,NA,NA,NA,NA,NA,NA,NA,NA,NA,NA,NA,NA,NA,NA,NA,NA,NA,NA,NA,NA,NA,NA,"CA","rex sole","rex_sole",NA,NA,"700","total_catch_wt_kg ~ 0 + factor(year) + pass","delta_gamma","TRUE","iid, iid","06_2","range","0.941501442582757","0.176777743870624","0.651625531939214","1.36032878231067"
"158","158","158","158","158","158","158","158","158","158",NA,NA,NA,NA,NA,NA,NA,NA,NA,NA,NA,NA,NA,NA,NA,NA,NA,NA,NA,NA,NA,NA,NA,NA,NA,NA,NA,NA,NA,NA,NA,NA,NA,NA,NA,NA,NA,NA,NA,NA,NA,NA,NA,NA,NA,NA,NA,NA,NA,NA,NA,NA,"CA","rex sole","rex_sole",NA,NA,"700","total_catch_wt_kg ~ 0 + factor(year) + pass","delta_gamma","TRUE","iid, iid","06_2","sigma_O","5.84102083652351","0.903260957807865","4.31378154340259","7.90895970726204"
"159","159","159","159","159","159","159","159","159","159",NA,NA,NA,NA,NA,NA,NA,NA,NA,NA,NA,NA,NA,NA,NA,NA,NA,NA,NA,NA,NA,NA,NA,NA,NA,NA,NA,NA,NA,NA,NA,NA,NA,NA,NA,NA,NA,NA,NA,NA,NA,NA,NA,NA,NA,NA,NA,NA,NA,NA,NA,NA,"CA","rex sole","rex_sole",NA,NA,"700","total_catch_wt_kg ~ 0 + factor(year) + pass","delta_gamma","TRUE","iid, iid","06_2","sigma_E","0.0711541900884717","0.515375041346073","4.86278408758529e-08","104115.639846565"
"160","160","160","160","160","160","160","160","160",NA,NA,NA,NA,NA,NA,NA,NA,NA,NA,NA,NA,NA,NA,NA,NA,NA,NA,NA,NA,NA,NA,NA,NA,NA,NA,NA,NA,NA,NA,NA,NA,NA,NA,NA,NA,NA,NA,NA,NA,NA,NA,NA,NA,NA,NA,NA,NA,NA,NA,NA,NA,NA,"CA","rex sole","rex_sole",NA,NA,"700","total_catch_wt_kg ~ 0 + factor(year) + pass","delta_gamma","TRUE","iid, iid","06_3","range","1.00565917759727","0.172954818512958","0.71789324241165","1.40877545815608"
"161","161","161","161","161","161","161","161","161",NA,NA,NA,NA,NA,NA,NA,NA,NA,NA,NA,NA,NA,NA,NA,NA,NA,NA,NA,NA,NA,NA,NA,NA,NA,NA,NA,NA,NA,NA,NA,NA,NA,NA,NA,NA,NA,NA,NA,NA,NA,NA,NA,NA,NA,NA,NA,NA,NA,NA,NA,NA,NA,"CA","rex sole","rex_sole",NA,NA,"700","total_catch_wt_kg ~ 0 + factor(year) + pass","delta_gamma","TRUE","iid, iid","06_3","sigma_O","7.36192076829474","1.05410529580183","5.5604911781101","9.74695861617574"
"162","162","162","162","162","162","162","162","162",NA,NA,NA,NA,NA,NA,NA,NA,NA,NA,NA,NA,NA,NA,NA,NA,NA,NA,NA,NA,NA,NA,NA,NA,NA,NA,NA,NA,NA,NA,NA,NA,NA,NA,NA,NA,NA,NA,NA,NA,NA,NA,NA,NA,NA,NA,NA,NA,NA,NA,NA,NA,NA,"CA","rex sole","rex_sole",NA,NA,"700","total_catch_wt_kg ~ 0 + factor(year) + pass","delta_gamma","TRUE","iid, iid","06_3","sigma_E","0.251672842780767","0.172912782033476","0.0654658940258238","0.967514775989584"
"163","163","163","163","163","163","163","163",NA,NA,NA,NA,NA,NA,NA,NA,NA,NA,NA,NA,NA,NA,NA,NA,NA,NA,NA,NA,NA,NA,NA,NA,NA,NA,NA,NA,NA,NA,NA,NA,NA,NA,NA,NA,NA,NA,NA,NA,NA,NA,NA,NA,NA,NA,NA,NA,NA,NA,NA,NA,NA,NA,"CA","rex sole","rex_sole",NA,NA,"700","total_catch_wt_kg ~ 0 + factor(year) + pass","delta_gamma","TRUE","iid, iid","06_4","range","0.885541887060217","0.160111364159505","0.621307630914386","1.26215162138614"
"164","164","164","164","164","164","164","164",NA,NA,NA,NA,NA,NA,NA,NA,NA,NA,NA,NA,NA,NA,NA,NA,NA,NA,NA,NA,NA,NA,NA,NA,NA,NA,NA,NA,NA,NA,NA,NA,NA,NA,NA,NA,NA,NA,NA,NA,NA,NA,NA,NA,NA,NA,NA,NA,NA,NA,NA,NA,NA,NA,"CA","rex sole","rex_sole",NA,NA,"700","total_catch_wt_kg ~ 0 + factor(year) + pass","delta_gamma","TRUE","iid, iid","06_4","sigma_O","5.97426246839568","0.858903176485199","4.50722677074163","7.91879660304034"
"165","165","165","165","165","165","165","165",NA,NA,NA,NA,NA,NA,NA,NA,NA,NA,NA,NA,NA,NA,NA,NA,NA,NA,NA,NA,NA,NA,NA,NA,NA,NA,NA,NA,NA,NA,NA,NA,NA,NA,NA,NA,NA,NA,NA,NA,NA,NA,NA,NA,NA,NA,NA,NA,NA,NA,NA,NA,NA,NA,"CA","rex sole","rex_sole",NA,NA,"700","total_catch_wt_kg ~ 0 + factor(year) + pass","delta_gamma","TRUE","iid, iid","06_4","sigma_E","0.235219958264807","0.177369873052584","0.0536558962781104","1.03117145745396"
"166","166","166","166","166","166","166",NA,NA,NA,NA,NA,NA,NA,NA,NA,NA,NA,NA,NA,NA,NA,NA,NA,NA,NA,NA,NA,NA,NA,NA,NA,NA,NA,NA,NA,NA,NA,NA,NA,NA,NA,NA,NA,NA,NA,NA,NA,NA,NA,NA,NA,NA,NA,NA,NA,NA,NA,NA,NA,NA,NA,"CA","rex sole","rex_sole",NA,NA,"700","total_catch_wt_kg ~ 0 + factor(year) + pass","delta_gamma","TRUE","iid, iid","06_5","range","0.854213062783516","0.141738494744173","0.617060023467655","1.18251049959363"
"167","167","167","167","167","167","167",NA,NA,NA,NA,NA,NA,NA,NA,NA,NA,NA,NA,NA,NA,NA,NA,NA,NA,NA,NA,NA,NA,NA,NA,NA,NA,NA,NA,NA,NA,NA,NA,NA,NA,NA,NA,NA,NA,NA,NA,NA,NA,NA,NA,NA,NA,NA,NA,NA,NA,NA,NA,NA,NA,NA,"CA","rex sole","rex_sole",NA,NA,"700","total_catch_wt_kg ~ 0 + factor(year) + pass","delta_gamma","TRUE","iid, iid","06_5","sigma_O","5.54932970913643","0.718074717838645","4.30622145180015","7.15129506584729"
"168","168","168","168","168","168","168",NA,NA,NA,NA,NA,NA,NA,NA,NA,NA,NA,NA,NA,NA,NA,NA,NA,NA,NA,NA,NA,NA,NA,NA,NA,NA,NA,NA,NA,NA,NA,NA,NA,NA,NA,NA,NA,NA,NA,NA,NA,NA,NA,NA,NA,NA,NA,NA,NA,NA,NA,NA,NA,NA,NA,"CA","rex sole","rex_sole",NA,NA,"700","total_catch_wt_kg ~ 0 + factor(year) + pass","delta_gamma","TRUE","iid, iid","06_5","sigma_E","0.00100694826788567","0.376569143694274","4.79243676466009e-322","Inf"
"169","169","169","169","169","169",NA,NA,NA,NA,NA,NA,NA,NA,NA,NA,NA,NA,NA,NA,NA,NA,NA,NA,NA,NA,NA,NA,NA,NA,NA,NA,NA,NA,NA,NA,NA,NA,NA,NA,NA,NA,NA,NA,NA,NA,NA,NA,NA,NA,NA,NA,NA,NA,NA,NA,NA,NA,NA,NA,NA,NA,"CA","rex sole","rex_sole",NA,NA,"700","total_catch_wt_kg ~ 0 + factor(year) + pass","delta_gamma","TRUE","iid, iid","06_6","range","0.913628284283165","0.165549057594081","0.640519236787534","1.30318746713782"
"170","170","170","170","170","170",NA,NA,NA,NA,NA,NA,NA,NA,NA,NA,NA,NA,NA,NA,NA,NA,NA,NA,NA,NA,NA,NA,NA,NA,NA,NA,NA,NA,NA,NA,NA,NA,NA,NA,NA,NA,NA,NA,NA,NA,NA,NA,NA,NA,NA,NA,NA,NA,NA,NA,NA,NA,NA,NA,NA,NA,"CA","rex sole","rex_sole",NA,NA,"700","total_catch_wt_kg ~ 0 + factor(year) + pass","delta_gamma","TRUE","iid, iid","06_6","sigma_O","5.87716568627793","0.84520086073055","4.43359297337363","7.79076399466585"
"171","171","171","171","171","171",NA,NA,NA,NA,NA,NA,NA,NA,NA,NA,NA,NA,NA,NA,NA,NA,NA,NA,NA,NA,NA,NA,NA,NA,NA,NA,NA,NA,NA,NA,NA,NA,NA,NA,NA,NA,NA,NA,NA,NA,NA,NA,NA,NA,NA,NA,NA,NA,NA,NA,NA,NA,NA,NA,NA,NA,"CA","rex sole","rex_sole",NA,NA,"700","total_catch_wt_kg ~ 0 + factor(year) + pass","delta_gamma","TRUE","iid, iid","06_6","sigma_E","0.235846330499859","0.179189454658261","0.0531997957945833","1.04555836689719"
"172","172","172","172","172",NA,NA,NA,NA,NA,NA,NA,NA,NA,NA,NA,NA,NA,NA,NA,NA,NA,NA,NA,NA,NA,NA,NA,NA,NA,NA,NA,NA,NA,NA,NA,NA,NA,NA,NA,NA,NA,NA,NA,NA,NA,NA,NA,NA,NA,NA,NA,NA,NA,NA,NA,NA,NA,NA,NA,NA,NA,"CA","rex sole","rex_sole",NA,NA,"700","total_catch_wt_kg ~ 0 + factor(year) + pass","delta_gamma","TRUE","iid, iid","06_7","range","0.717548159988738","0.12132836509051","0.515137996614715","0.999490166298706"
"173","173","173","173","173",NA,NA,NA,NA,NA,NA,NA,NA,NA,NA,NA,NA,NA,NA,NA,NA,NA,NA,NA,NA,NA,NA,NA,NA,NA,NA,NA,NA,NA,NA,NA,NA,NA,NA,NA,NA,NA,NA,NA,NA,NA,NA,NA,NA,NA,NA,NA,NA,NA,NA,NA,NA,NA,NA,NA,NA,NA,"CA","rex sole","rex_sole",NA,NA,"700","total_catch_wt_kg ~ 0 + factor(year) + pass","delta_gamma","TRUE","iid, iid","06_7","sigma_O","4.90135378571327","0.623961750227","3.8190445421963","6.2903872074009"
"174","174","174","174","174",NA,NA,NA,NA,NA,NA,NA,NA,NA,NA,NA,NA,NA,NA,NA,NA,NA,NA,NA,NA,NA,NA,NA,NA,NA,NA,NA,NA,NA,NA,NA,NA,NA,NA,NA,NA,NA,NA,NA,NA,NA,NA,NA,NA,NA,NA,NA,NA,NA,NA,NA,NA,NA,NA,NA,NA,NA,"CA","rex sole","rex_sole",NA,NA,"700","total_catch_wt_kg ~ 0 + factor(year) + pass","delta_gamma","TRUE","iid, iid","06_7","sigma_E","0.209460321546356","0.216386179000858","0.0276538136944889","1.58653076884822"
"175","175","175","175",NA,NA,NA,NA,NA,NA,NA,NA,NA,NA,NA,NA,NA,NA,NA,NA,NA,NA,NA,NA,NA,NA,NA,NA,NA,NA,NA,NA,NA,NA,NA,NA,NA,NA,NA,NA,NA,NA,NA,NA,NA,NA,NA,NA,NA,NA,NA,NA,NA,NA,NA,NA,NA,NA,NA,NA,NA,NA,"CA","rex sole","rex_sole",NA,NA,"700","total_catch_wt_kg ~ 0 + factor(year) + pass","delta_gamma","TRUE","iid, iid","06_8","range","0.725924833351065","0.117894433515686","0.52802143193835","0.998002792692131"
"176","176","176","176",NA,NA,NA,NA,NA,NA,NA,NA,NA,NA,NA,NA,NA,NA,NA,NA,NA,NA,NA,NA,NA,NA,NA,NA,NA,NA,NA,NA,NA,NA,NA,NA,NA,NA,NA,NA,NA,NA,NA,NA,NA,NA,NA,NA,NA,NA,NA,NA,NA,NA,NA,NA,NA,NA,NA,NA,NA,NA,"CA","rex sole","rex_sole",NA,NA,"700","total_catch_wt_kg ~ 0 + factor(year) + pass","delta_gamma","TRUE","iid, iid","06_8","sigma_O","6.1752317048969","0.752487705312115","4.86328169287617","7.84110175337417"
"177","177","177","177",NA,NA,NA,NA,NA,NA,NA,NA,NA,NA,NA,NA,NA,NA,NA,NA,NA,NA,NA,NA,NA,NA,NA,NA,NA,NA,NA,NA,NA,NA,NA,NA,NA,NA,NA,NA,NA,NA,NA,NA,NA,NA,NA,NA,NA,NA,NA,NA,NA,NA,NA,NA,NA,NA,NA,NA,NA,NA,"CA","rex sole","rex_sole",NA,NA,"700","total_catch_wt_kg ~ 0 + factor(year) + pass","delta_gamma","TRUE","iid, iid","06_8","sigma_E","0.000483260368389027","0.264116752677955","0","Inf"
"178","178","178",NA,NA,NA,NA,NA,NA,NA,NA,NA,NA,NA,NA,NA,NA,NA,NA,NA,NA,NA,NA,NA,NA,NA,NA,NA,NA,NA,NA,NA,NA,NA,NA,NA,NA,NA,NA,NA,NA,NA,NA,NA,NA,NA,NA,NA,NA,NA,NA,NA,NA,NA,NA,NA,NA,NA,NA,NA,NA,NA,"CA","rex sole","rex_sole",NA,NA,"700","total_catch_wt_kg ~ 0 + factor(year) + pass","delta_gamma","TRUE","iid, iid","06_9","range","0.710022214657956","0.109732815372429","0.52446930822707","0.961222205760654"
"179","179","179",NA,NA,NA,NA,NA,NA,NA,NA,NA,NA,NA,NA,NA,NA,NA,NA,NA,NA,NA,NA,NA,NA,NA,NA,NA,NA,NA,NA,NA,NA,NA,NA,NA,NA,NA,NA,NA,NA,NA,NA,NA,NA,NA,NA,NA,NA,NA,NA,NA,NA,NA,NA,NA,NA,NA,NA,NA,NA,NA,"CA","rex sole","rex_sole",NA,NA,"700","total_catch_wt_kg ~ 0 + factor(year) + pass","delta_gamma","TRUE","iid, iid","06_9","sigma_O","5.20082003044373","0.607989057057359","4.1358445369083","6.54002556132936"
"180","180","180",NA,NA,NA,NA,NA,NA,NA,NA,NA,NA,NA,NA,NA,NA,NA,NA,NA,NA,NA,NA,NA,NA,NA,NA,NA,NA,NA,NA,NA,NA,NA,NA,NA,NA,NA,NA,NA,NA,NA,NA,NA,NA,NA,NA,NA,NA,NA,NA,NA,NA,NA,NA,NA,NA,NA,NA,NA,NA,NA,"CA","rex sole","rex_sole",NA,NA,"700","total_catch_wt_kg ~ 0 + factor(year) + pass","delta_gamma","TRUE","iid, iid","06_9","sigma_E","0.00034273046955478","0.167407896901745","0","Inf"
"181","181",NA,NA,NA,NA,NA,NA,NA,NA,NA,NA,NA,NA,NA,NA,NA,NA,NA,NA,NA,NA,NA,NA,NA,NA,NA,NA,NA,NA,NA,NA,NA,NA,NA,NA,NA,NA,NA,NA,NA,NA,NA,NA,NA,NA,NA,NA,NA,NA,NA,NA,NA,NA,NA,NA,NA,NA,NA,NA,NA,NA,"CA","rex sole","rex_sole",NA,NA,"700","total_catch_wt_kg ~ 0 + factor(year) + pass","delta_gamma","TRUE","iid, iid","07_1","range","0.761356484621759","0.121809693187718","0.556421644128179","1.04177057595206"
"182","182",NA,NA,NA,NA,NA,NA,NA,NA,NA,NA,NA,NA,NA,NA,NA,NA,NA,NA,NA,NA,NA,NA,NA,NA,NA,NA,NA,NA,NA,NA,NA,NA,NA,NA,NA,NA,NA,NA,NA,NA,NA,NA,NA,NA,NA,NA,NA,NA,NA,NA,NA,NA,NA,NA,NA,NA,NA,NA,NA,NA,"CA","rex sole","rex_sole",NA,NA,"700","total_catch_wt_kg ~ 0 + factor(year) + pass","delta_gamma","TRUE","iid, iid","07_1","sigma_O","5.19191229932346","0.614239375279667","4.11741155075401","6.54682025141009"
"183","183",NA,NA,NA,NA,NA,NA,NA,NA,NA,NA,NA,NA,NA,NA,NA,NA,NA,NA,NA,NA,NA,NA,NA,NA,NA,NA,NA,NA,NA,NA,NA,NA,NA,NA,NA,NA,NA,NA,NA,NA,NA,NA,NA,NA,NA,NA,NA,NA,NA,NA,NA,NA,NA,NA,NA,NA,NA,NA,NA,NA,"CA","rex sole","rex_sole",NA,NA,"700","total_catch_wt_kg ~ 0 + factor(year) + pass","delta_gamma","TRUE","iid, iid","07_1","sigma_E","0.250854618422594","0.175124957899606","0.063853828386256","0.985501436237928"
"184",NA,NA,NA,NA,NA,NA,NA,NA,NA,NA,NA,NA,NA,NA,NA,NA,NA,NA,NA,NA,NA,NA,NA,NA,NA,NA,NA,NA,NA,NA,NA,NA,NA,NA,NA,NA,NA,NA,NA,NA,NA,NA,NA,NA,NA,NA,NA,NA,NA,NA,NA,NA,NA,NA,NA,NA,NA,NA,NA,NA,NA,"CA","rex sole","rex_sole",NA,NA,"700","total_catch_wt_kg ~ 0 + factor(year) + pass","delta_gamma","TRUE","iid, iid","07_10","range","0.863823615296603","0.142635841904944","0.624990485721493","1.19392415627365"
"185",NA,NA,NA,NA,NA,NA,NA,NA,NA,NA,NA,NA,NA,NA,NA,NA,NA,NA,NA,NA,NA,NA,NA,NA,NA,NA,NA,NA,NA,NA,NA,NA,NA,NA,NA,NA,NA,NA,NA,NA,NA,NA,NA,NA,NA,NA,NA,NA,NA,NA,NA,NA,NA,NA,NA,NA,NA,NA,NA,NA,NA,"CA","rex sole","rex_sole",NA,NA,"700","total_catch_wt_kg ~ 0 + factor(year) + pass","delta_gamma","TRUE","iid, iid","07_10","sigma_O","6.34595644585828","0.846684734183875","4.88572263320901","8.24262166235163"
"186",NA,NA,NA,NA,NA,NA,NA,NA,NA,NA,NA,NA,NA,NA,NA,NA,NA,NA,NA,NA,NA,NA,NA,NA,NA,NA,NA,NA,NA,NA,NA,NA,NA,NA,NA,NA,NA,NA,NA,NA,NA,NA,NA,NA,NA,NA,NA,NA,NA,NA,NA,NA,NA,NA,NA,NA,NA,NA,NA,NA,NA,"CA","rex sole","rex_sole",NA,NA,"700","total_catch_wt_kg ~ 0 + factor(year) + pass","delta_gamma","TRUE","iid, iid","07_10","sigma_E","0.160359364050109","0.242039120122515","0.00832395044526553","3.08929345599138"
